ID,Name,Applicable From,Applicable Till,Percentage
1,SHOPSMART,2023-02-18T07:59:31Z,2022-11-10T23:42:00Z,20
2,HAPPYSHOPPER,2023-01-03T23:50:45Z,2022-11-20T12:36:01Z,15
3,GREATSAVINGS,2022-12-26T04:12:53Z,2022-10-28T12:05:54Z,18
4,HAPPYSHOPPER,2023-01-13T21:46:00Z,2022-05-12T17:01:58Z,17
5,DISCOUNTTIME,2022-10-08T04:39:29Z,2022-07-27T13:02:00Z,20
6,SPRINGDEAL,2022-11-03T22:34:12Z,2022-05-01T01:23:39Z,8
7,BARGAINBUDDY,2022-11-21T23:46:44Z,2022-09-11T02:35:20Z,20
8,SUMMERSALE,2023-01-11T00:38:54Z,2022-08-29T00:58:54Z,16
9,CUTECOUPON,2022-10-12T16:12:19Z,2023-03-07T14:10:00Z,20
10,GREATSAVINGS,2022-06-29T19:05:53Z,2023-04-14T16:00:32Z,10
11,SPRINGDEAL,2022-11-11T21:32:16Z,2023-02-03T13:48:00Z,12
12,SIZZLINGSAVE,2022-12-13T13:34:26Z,2022-10-31T16:18:30Z,12
13,BARGAINBUDDY,2023-04-08T13:40:16Z,2022-05-30T22:11:57Z,11
14,DEALHUNTER,2022-06-13T03:25:45Z,2022-06-08T19:44:04Z,9
15,SIZZLINGSAVE,2022-05-17T21:25:52Z,2022-09-19T00:19:13Z,6
16,CUTECOUPON,2023-02-08T14:57:43Z,2023-03-03T12:32:08Z,18
17,DEALHUNTER,2023-01-01T14:48:43Z,2023-02-27T10:01:01Z,8
18,SHOPSMART,2022-05-20T06:24:52Z,2023-04-16T19:37:34Z,9
19,DISCOUNTTIME,2022-08-31T09:55:33Z,2023-01-23T16:03:28Z,16
20,SUMMERSALE,2022-07-04T17:27:52Z,2023-02-27T01:53:05Z,20
21,DISCOUNTTIME,2022-12-18T03:00:45Z,2022-10-12T06:16:15Z,5
22,LOVE2SAVE,2023-02-07T00:18:31Z,2023-01-21T06:24:01Z,9
23,CUTECOUPON,2022-08-14T23:14:47Z,2022-09-30T01:49:54Z,8
24,SPRINGDEAL,2023-01-20T23:45:16Z,2022-06-12T20:30:45Z,16
25,SHOPSMART,2023-03-22T12:46:22Z,2023-01-26T21:12:31Z,15
26,HAPPYSHOPPER,2022-05-18T23:15:45Z,2023-03-27T01:05:49Z,16
27,DISCOUNTTIME,2022-06-14T16:13:23Z,2022-12-04T11:32:32Z,10
28,SHOPSMART,2022-11-27T15:42:52Z,2022-10-15T03:38:17Z,19
29,HAPPYSHOPPER,2022-10-11T05:30:14Z,2022-10-01T17:46:41Z,10
30,GREATSAVINGS,2023-02-03T15:44:07Z,2023-01-12T06:47:28Z,8
31,DEALHUNTER,2022-12-15T09:05:07Z,2022-09-16T06:44:20Z,5
32,SIZZLINGSAVE,2023-01-19T22:29:20Z,2022-07-02T03:33:27Z,18
33,BARGAINBUDDY,2022-07-13T21:27:44Z,2023-01-26T19:16:33Z,12
34,DEALHUNTER,2022-07-26T03:04:18Z,2022-09-26T07:44:02Z,15
35,DEALHUNTER,2022-06-14T13:41:28Z,2022-07-07T17:31:39Z,5
36,HAPPYSHOPPER,2023-04-01T17:43:04Z,2022-10-26T00:00:13Z,14
37,BARGAINBUDDY,2023-04-03T19:19:37Z,2022-07-22T05:55:30Z,13
38,DEALHUNTER,2022-08-16T22:45:03Z,2022-11-08T08:44:14Z,15
39,SHOPSMART,2022-09-01T02:56:05Z,2022-05-19T17:05:02Z,20
40,SAVEMORE,2023-02-26T00:59:42Z,2023-01-06T05:17:40Z,13
41,BARGAINBUDDY,2023-04-24T22:35:42Z,2023-02-28T01:55:06Z,14
42,GREATSAVINGS,2023-04-01T10:31:44Z,2022-05-04T18:33:34Z,16
43,SUMMERSALE,2022-06-18T16:40:53Z,2023-01-05T09:47:20Z,7
44,HAPPYSHOPPER,2022-11-29T22:38:56Z,2022-10-05T03:52:36Z,17
45,DISCOUNTTIME,2022-10-20T20:46:05Z,2022-10-16T18:40:06Z,11
46,DEALHUNTER,2022-10-18T08:54:12Z,2023-02-17T04:28:28Z,9
47,SAVEMORE,2022-08-10T12:34:49Z,2022-12-26T16:08:34Z,14
48,SAVEMORE,2023-01-05T13:49:30Z,2022-07-02T11:35:47Z,14
49,HAPPYSHOPPER,2023-02-08T00:30:33Z,2022-11-13T00:41:53Z,13
50,DISCOUNTTIME,2022-10-20T19:10:03Z,2022-09-03T02:24:13Z,7
51,DISCOUNTTIME,2023-01-02T09:19:33Z,2023-01-06T15:44:49Z,5
52,SIZZLINGSAVE,2022-09-12T13:16:29Z,2022-11-15T20:26:11Z,7
53,SIZZLINGSAVE,2022-11-11T01:14:37Z,2022-07-30T13:09:44Z,14
54,HAPPYSHOPPER,2022-10-06T23:05:28Z,2022-11-13T14:56:41Z,14
55,SAVEMORE,2022-07-04T22:57:33Z,2023-01-15T03:31:24Z,12
56,HAPPYSHOPPER,2022-11-29T10:55:13Z,2022-07-07T03:32:25Z,15
57,LOVE2SAVE,2022-12-04T04:57:36Z,2022-09-01T10:35:04Z,12
58,HAPPYSHOPPER,2023-01-28T22:52:37Z,2022-06-11T01:18:34Z,5
59,SPRINGDEAL,2023-04-16T13:19:47Z,2022-06-30T23:41:09Z,14
60,CUTECOUPON,2022-10-06T02:50:46Z,2022-07-12T19:45:02Z,13
61,SIZZLINGSAVE,2022-11-27T05:03:07Z,2022-05-02T13:14:17Z,11
62,LOVE2SAVE,2022-11-02T23:41:53Z,2022-12-07T10:53:16Z,16
63,HAPPYSHOPPER,2023-04-14T15:35:43Z,2022-07-08T12:24:00Z,8
64,SPRINGDEAL,2022-08-08T11:44:13Z,2023-01-06T00:03:18Z,9
65,LOVE2SAVE,2022-07-15T05:58:25Z,2022-07-21T10:33:11Z,16
66,SHOPSMART,2023-01-10T12:38:53Z,2023-02-15T15:44:33Z,5
67,DISCOUNTTIME,2023-02-04T02:25:51Z,2023-04-26T15:21:09Z,18
68,BARGAINBUDDY,2023-03-05T19:56:09Z,2022-07-24T18:57:26Z,16
69,CUTECOUPON,2022-08-04T12:59:48Z,2023-02-03T12:38:33Z,14
70,SUMMERSALE,2022-11-11T13:40:59Z,2022-10-12T21:09:36Z,20
71,LOVE2SAVE,2023-03-11T23:00:28Z,2022-05-02T19:11:03Z,7
72,DISCOUNTTIME,2022-06-03T23:23:52Z,2023-03-12T23:46:01Z,11
73,CUTECOUPON,2022-10-24T15:50:28Z,2022-10-22T11:11:27Z,18
74,SAVEMORE,2023-04-12T15:53:19Z,2023-02-20T13:46:13Z,19
75,LOVE2SAVE,2022-06-24T09:30:17Z,2023-02-18T00:51:25Z,5
76,BARGAINBUDDY,2022-04-29T07:03:32Z,2022-09-08T15:25:43Z,11
77,GREATSAVINGS,2023-01-20T04:56:17Z,2022-06-24T06:30:27Z,7
78,CUTECOUPON,2022-07-25T08:43:17Z,2022-12-18T14:36:45Z,18
79,SHOPSMART,2022-08-22T22:32:47Z,2022-08-08T00:34:59Z,7
80,CUTECOUPON,2022-09-15T00:17:36Z,2022-11-19T19:56:19Z,10
81,DEALHUNTER,2022-08-28T01:43:42Z,2023-01-14T23:04:31Z,13
82,SUMMERSALE,2022-11-23T09:48:55Z,2022-09-02T00:24:25Z,9
83,SUMMERSALE,2022-12-17T21:18:58Z,2023-02-11T08:18:16Z,9
84,SPRINGDEAL,2022-09-27T05:20:11Z,2022-10-25T18:42:13Z,9
85,LOVE2SAVE,2022-10-02T15:43:55Z,2023-01-18T20:24:22Z,8
86,SAVEMORE,2022-08-13T05:18:45Z,2023-03-19T15:43:01Z,6
87,BARGAINBUDDY,2022-11-12T11:52:08Z,2022-08-13T14:56:38Z,14
88,CUTECOUPON,2022-07-31T06:18:01Z,2023-04-12T07:40:40Z,9
89,SUMMERSALE,2022-09-24T16:07:12Z,2022-09-19T10:18:46Z,12
90,SPRINGDEAL,2022-06-09T10:00:19Z,2023-02-03T19:58:36Z,15
91,DEALHUNTER,2023-02-13T23:45:28Z,2022-12-07T01:03:33Z,5
92,HAPPYSHOPPER,2023-01-01T14:28:42Z,2023-03-01T15:42:51Z,12
93,SHOPSMART,2022-12-23T06:32:32Z,2022-11-22T01:13:04Z,6
94,SPRINGDEAL,2022-12-05T18:05:42Z,2022-08-28T09:51:06Z,16
95,LOVE2SAVE,2023-02-10T06:59:43Z,2023-01-09T03:12:53Z,20
96,HAPPYSHOPPER,2022-07-11T05:15:02Z,2022-09-25T23:48:00Z,18
97,GREATSAVINGS,2022-05-23T14:03:19Z,2022-08-16T10:25:34Z,10
98,GREATSAVINGS,2023-02-01T05:57:23Z,2022-10-03T15:47:07Z,12
99,DEALHUNTER,2022-06-29T07:43:45Z,2022-07-06T08:04:25Z,7
100,SAVEMORE,2023-04-03T09:11:06Z,2023-03-17T19:15:35Z,10
101,DISCOUNTTIME,2022-05-19T00:32:04Z,2022-11-28T00:19:33Z,6
102,SAVEMORE,2022-08-13T16:05:24Z,2022-06-27T08:50:14Z,8
103,SIZZLINGSAVE,2022-10-26T10:15:24Z,2022-11-15T02:50:07Z,6
104,SHOPSMART,2022-08-13T15:42:33Z,2023-04-21T05:35:38Z,8
105,SPRINGDEAL,2022-08-09T19:25:33Z,2023-02-15T17:14:39Z,17
106,CUTECOUPON,2022-09-21T12:26:22Z,2022-12-06T06:09:28Z,17
107,CUTECOUPON,2022-05-30T10:17:49Z,2022-09-13T10:16:35Z,8
108,SAVEMORE,2022-06-28T16:14:11Z,2023-01-16T07:33:36Z,9
109,BARGAINBUDDY,2022-12-25T09:58:56Z,2023-03-16T16:32:53Z,12
110,SAVEMORE,2022-12-13T06:05:06Z,2023-01-30T12:11:50Z,16
111,GREATSAVINGS,2022-11-21T13:36:57Z,2022-11-02T15:36:28Z,8
112,BARGAINBUDDY,2022-12-23T14:56:22Z,2022-05-03T15:27:40Z,17
113,LOVE2SAVE,2022-06-01T06:28:57Z,2022-11-12T13:36:27Z,10
114,CUTECOUPON,2022-10-26T02:36:20Z,2023-01-08T11:13:49Z,11
115,SPRINGDEAL,2022-07-21T03:57:50Z,2022-07-05T01:39:34Z,20
116,CUTECOUPON,2022-09-27T21:54:18Z,2023-02-06T13:03:31Z,19
117,DEALHUNTER,2022-08-07T08:50:14Z,2022-07-26T10:02:42Z,19
118,LOVE2SAVE,2023-02-15T01:22:47Z,2022-05-02T03:31:33Z,19
119,HAPPYSHOPPER,2022-05-26T00:13:59Z,2022-08-28T16:14:50Z,12
120,DISCOUNTTIME,2023-04-14T11:22:55Z,2022-12-17T09:18:58Z,19
121,BARGAINBUDDY,2022-12-04T18:39:49Z,2022-11-15T11:04:50Z,16
122,LOVE2SAVE,2022-06-27T23:11:37Z,2022-05-28T20:32:59Z,12
123,GREATSAVINGS,2022-08-28T14:11:12Z,2022-10-15T17:32:37Z,14
124,HAPPYSHOPPER,2022-12-08T13:25:55Z,2022-06-13T20:23:32Z,16
125,GREATSAVINGS,2022-12-14T23:30:28Z,2022-10-31T10:10:21Z,20
126,GREATSAVINGS,2022-10-20T15:54:25Z,2023-02-05T21:00:14Z,9
127,HAPPYSHOPPER,2022-11-28T23:32:10Z,2022-05-21T20:42:32Z,17
128,LOVE2SAVE,2023-03-06T18:15:21Z,2022-07-14T14:14:54Z,10
129,SUMMERSALE,2022-05-26T11:05:10Z,2022-05-28T18:40:23Z,7
130,SAVEMORE,2022-09-21T08:53:39Z,2022-12-30T06:20:46Z,7
131,DEALHUNTER,2022-05-07T09:41:56Z,2022-07-11T12:32:15Z,18
132,SPRINGDEAL,2022-09-24T01:30:38Z,2023-04-16T11:05:38Z,18
133,SAVEMORE,2022-10-04T11:38:09Z,2022-06-21T12:06:19Z,18
134,BARGAINBUDDY,2023-04-12T03:15:16Z,2022-12-03T00:56:38Z,8
135,DISCOUNTTIME,2023-02-16T12:05:09Z,2022-09-04T15:52:00Z,7
136,SUMMERSALE,2023-01-28T03:27:10Z,2022-09-14T19:01:27Z,17
137,SIZZLINGSAVE,2023-04-02T07:33:29Z,2022-11-22T10:37:13Z,15
138,GREATSAVINGS,2022-05-27T07:44:24Z,2023-01-24T03:58:37Z,14
139,DISCOUNTTIME,2023-02-11T17:26:38Z,2022-08-07T19:34:48Z,17
140,SIZZLINGSAVE,2022-06-24T08:19:36Z,2022-09-01T06:07:51Z,14
141,HAPPYSHOPPER,2023-02-14T07:23:46Z,2023-04-25T11:02:57Z,11
142,DISCOUNTTIME,2023-01-11T08:00:57Z,2022-10-26T14:54:37Z,8
143,DISCOUNTTIME,2022-11-10T10:44:28Z,2022-10-14T08:03:49Z,7
144,BARGAINBUDDY,2023-01-01T05:52:29Z,2022-07-05T12:21:59Z,7
145,GREATSAVINGS,2023-04-08T00:59:25Z,2023-02-19T12:20:21Z,11
146,DEALHUNTER,2022-07-21T18:55:21Z,2022-11-21T00:46:54Z,13
147,BARGAINBUDDY,2023-03-23T07:32:03Z,2022-10-12T21:43:41Z,5
148,LOVE2SAVE,2022-10-14T14:22:21Z,2022-10-16T22:27:31Z,9
149,DISCOUNTTIME,2022-11-08T20:50:52Z,2023-02-16T11:28:24Z,12
150,SIZZLINGSAVE,2022-08-20T21:29:44Z,2022-08-01T16:03:17Z,8
151,HAPPYSHOPPER,2022-06-25T21:01:16Z,2022-12-05T12:42:58Z,16
152,HAPPYSHOPPER,2022-05-13T13:58:46Z,2022-09-08T08:05:30Z,12
153,LOVE2SAVE,2022-07-21T23:43:21Z,2022-08-28T15:14:40Z,11
154,SHOPSMART,2023-01-09T00:09:41Z,2023-03-19T07:58:16Z,11
155,CUTECOUPON,2022-04-29T21:54:37Z,2023-04-18T18:34:36Z,16
156,GREATSAVINGS,2023-01-21T17:42:14Z,2022-09-28T20:56:06Z,5
157,LOVE2SAVE,2022-11-16T21:11:47Z,2022-10-28T15:15:19Z,13
158,SUMMERSALE,2023-02-08T04:14:05Z,2022-08-11T16:55:07Z,17
159,SAVEMORE,2023-03-02T15:23:02Z,2022-08-03T03:50:24Z,10
160,DISCOUNTTIME,2022-11-02T13:07:59Z,2023-02-01T12:44:15Z,9
161,SAVEMORE,2022-10-01T15:59:41Z,2022-06-18T03:36:56Z,12
162,BARGAINBUDDY,2022-06-12T21:09:04Z,2022-05-31T09:25:58Z,18
163,SPRINGDEAL,2022-06-03T12:07:22Z,2022-12-16T18:31:09Z,20
164,LOVE2SAVE,2022-05-23T14:49:14Z,2023-04-07T15:33:09Z,8
165,SAVEMORE,2022-09-18T12:18:03Z,2022-10-31T15:51:45Z,11
166,SIZZLINGSAVE,2022-12-19T21:56:08Z,2023-02-01T04:05:40Z,16
167,SPRINGDEAL,2023-02-11T19:57:28Z,2022-09-28T22:15:53Z,19
168,BARGAINBUDDY,2022-10-17T04:00:44Z,2022-06-26T18:28:28Z,14
169,DEALHUNTER,2022-07-10T06:01:19Z,2022-05-01T04:23:20Z,5
170,GREATSAVINGS,2022-09-12T20:45:30Z,2022-07-13T06:36:39Z,5
171,SHOPSMART,2022-09-09T11:30:49Z,2023-02-07T18:34:36Z,15
172,CUTECOUPON,2023-02-01T10:27:28Z,2022-11-14T21:40:40Z,13
173,SIZZLINGSAVE,2022-05-26T03:06:02Z,2022-07-01T05:38:10Z,18
174,SUMMERSALE,2022-07-09T14:51:31Z,2023-01-12T10:18:13Z,12
175,SPRINGDEAL,2022-10-08T02:33:42Z,2023-02-09T20:09:55Z,13
176,DISCOUNTTIME,2022-07-10T19:41:20Z,2022-05-22T05:39:55Z,20
177,SUMMERSALE,2023-02-04T08:53:17Z,2023-01-28T04:02:19Z,20
178,SAVEMORE,2022-09-16T23:44:24Z,2022-10-01T22:12:04Z,13
179,SIZZLINGSAVE,2023-03-04T19:30:04Z,2023-03-14T09:11:41Z,18
180,DEALHUNTER,2022-11-08T22:14:23Z,2023-03-14T22:04:04Z,20
181,SAVEMORE,2023-03-15T16:42:44Z,2022-06-18T16:42:37Z,7
182,GREATSAVINGS,2022-09-29T03:17:06Z,2022-09-01T07:55:03Z,5
183,DEALHUNTER,2023-03-13T20:56:57Z,2023-04-06T20:37:09Z,7
184,BARGAINBUDDY,2022-12-10T20:15:44Z,2022-06-04T14:00:56Z,5
185,SAVEMORE,2023-03-19T20:45:31Z,2022-08-11T16:59:34Z,12
186,DISCOUNTTIME,2022-07-31T01:18:00Z,2023-02-05T19:45:27Z,6
187,SHOPSMART,2022-11-27T07:14:59Z,2023-04-20T19:41:44Z,15
188,GREATSAVINGS,2023-03-21T17:17:57Z,2022-12-06T17:52:19Z,5
189,BARGAINBUDDY,2022-05-09T04:51:16Z,2023-04-14T01:50:43Z,12
190,SPRINGDEAL,2022-08-03T16:07:27Z,2022-07-03T14:22:16Z,19
191,SHOPSMART,2022-06-27T02:43:05Z,2023-01-12T12:29:24Z,5
192,GREATSAVINGS,2022-12-18T02:30:16Z,2023-03-23T01:13:14Z,20
193,SIZZLINGSAVE,2023-03-20T06:43:23Z,2023-03-28T11:22:29Z,8
194,BARGAINBUDDY,2022-12-14T05:26:29Z,2022-07-01T21:12:28Z,10
195,DISCOUNTTIME,2022-10-23T20:05:21Z,2022-05-13T08:23:49Z,20
196,SUMMERSALE,2022-11-05T09:20:23Z,2023-02-03T13:47:14Z,17
197,CUTECOUPON,2022-11-09T23:55:12Z,2022-10-21T09:27:14Z,12
198,SAVEMORE,2022-11-17T00:22:27Z,2023-04-19T10:48:49Z,5
199,DISCOUNTTIME,2022-07-16T16:36:07Z,2023-02-24T06:19:47Z,17
200,SAVEMORE,2023-01-13T02:16:59Z,2023-03-20T19:17:38Z,6
201,SHOPSMART,2023-02-05T07:46:30Z,2022-05-21T06:10:21Z,12
202,CUTECOUPON,2022-07-02T18:33:53Z,2022-09-01T22:43:37Z,20
203,DEALHUNTER,2022-09-12T19:07:55Z,2022-11-06T13:33:12Z,20
204,SIZZLINGSAVE,2023-04-02T00:21:01Z,2023-03-27T03:51:18Z,12
205,SPRINGDEAL,2022-09-22T10:13:45Z,2022-10-03T12:58:02Z,15
206,CUTECOUPON,2022-07-29T20:16:48Z,2022-12-26T10:44:19Z,15
207,LOVE2SAVE,2023-01-01T13:07:44Z,2022-07-21T08:27:43Z,10
208,LOVE2SAVE,2022-09-24T17:12:10Z,2022-09-21T02:22:50Z,15
209,LOVE2SAVE,2023-03-08T16:26:09Z,2022-10-08T23:58:32Z,12
210,CUTECOUPON,2023-02-23T02:45:08Z,2023-01-18T07:55:27Z,8
211,SUMMERSALE,2023-01-27T19:34:02Z,2022-09-16T22:23:31Z,7
212,HAPPYSHOPPER,2022-09-19T08:03:57Z,2023-02-21T21:42:34Z,8
213,SIZZLINGSAVE,2022-08-07T12:58:42Z,2022-05-16T21:43:12Z,5
214,GREATSAVINGS,2022-06-18T23:55:43Z,2023-01-07T12:34:05Z,19
215,DEALHUNTER,2023-03-25T00:20:18Z,2022-05-16T20:44:13Z,20
216,DISCOUNTTIME,2022-11-25T15:19:33Z,2022-10-17T12:20:52Z,17
217,DEALHUNTER,2022-09-24T18:13:49Z,2022-05-20T11:21:33Z,18
218,LOVE2SAVE,2022-07-28T05:44:24Z,2022-05-11T18:09:38Z,10
219,SIZZLINGSAVE,2022-07-14T20:16:55Z,2023-03-15T11:27:18Z,15
220,HAPPYSHOPPER,2022-10-20T15:04:50Z,2022-11-24T07:48:36Z,8
221,BARGAINBUDDY,2022-06-21T23:16:55Z,2023-01-15T07:47:36Z,11
222,SIZZLINGSAVE,2023-02-04T09:39:11Z,2022-10-03T19:08:16Z,19
223,DISCOUNTTIME,2022-05-18T04:31:03Z,2022-09-07T15:49:54Z,14
224,DEALHUNTER,2023-02-09T21:43:36Z,2022-10-25T13:04:23Z,8
225,SPRINGDEAL,2022-08-13T18:36:15Z,2023-03-17T09:47:05Z,12
226,HAPPYSHOPPER,2022-11-25T18:01:48Z,2022-12-23T06:34:49Z,17
227,SIZZLINGSAVE,2022-09-09T14:28:38Z,2022-06-18T07:27:52Z,14
228,GREATSAVINGS,2022-09-08T14:55:58Z,2022-10-30T23:06:47Z,18
229,DEALHUNTER,2022-12-21T06:12:26Z,2022-09-16T04:01:36Z,14
230,DISCOUNTTIME,2022-05-11T23:15:05Z,2022-06-30T18:41:08Z,5
231,SPRINGDEAL,2022-09-04T02:31:42Z,2023-01-19T19:32:41Z,18
232,CUTECOUPON,2023-03-22T12:50:04Z,2023-03-10T13:05:23Z,9
233,DISCOUNTTIME,2023-02-09T22:14:17Z,2022-10-16T21:19:19Z,13
234,SAVEMORE,2022-05-01T11:21:44Z,2022-08-05T18:22:25Z,14
235,GREATSAVINGS,2022-11-25T13:18:19Z,2022-09-15T22:49:39Z,15
236,SAVEMORE,2023-03-16T00:31:09Z,2022-05-02T13:41:44Z,16
237,SHOPSMART,2022-06-04T04:58:35Z,2022-07-08T13:48:36Z,9
238,GREATSAVINGS,2022-05-20T17:46:37Z,2022-11-30T03:53:10Z,10
239,CUTECOUPON,2023-02-25T17:02:30Z,2023-03-15T23:32:13Z,16
240,BARGAINBUDDY,2023-03-27T13:02:35Z,2022-09-12T06:24:35Z,16
241,BARGAINBUDDY,2022-05-24T21:14:25Z,2023-04-23T02:03:52Z,13
242,CUTECOUPON,2022-08-14T21:12:50Z,2023-01-02T06:23:04Z,12
243,DISCOUNTTIME,2023-01-25T14:31:23Z,2022-06-21T00:32:05Z,8
244,DEALHUNTER,2023-04-09T10:11:27Z,2022-09-25T15:59:31Z,14
245,GREATSAVINGS,2022-10-22T16:24:50Z,2022-04-30T04:12:14Z,18
246,SUMMERSALE,2023-04-12T10:20:28Z,2022-08-24T00:33:11Z,17
247,SPRINGDEAL,2022-09-22T03:31:33Z,2022-05-30T05:53:17Z,7
248,SIZZLINGSAVE,2022-12-27T15:00:04Z,2022-10-14T12:30:28Z,8
249,SPRINGDEAL,2023-02-02T17:05:51Z,2023-04-01T12:08:44Z,7
250,SPRINGDEAL,2022-09-07T21:50:05Z,2023-03-28T06:53:08Z,13
251,SPRINGDEAL,2023-02-04T21:15:46Z,2022-10-26T03:07:28Z,20
252,DEALHUNTER,2023-03-27T22:42:30Z,2023-02-27T00:27:26Z,20
253,HAPPYSHOPPER,2022-10-01T14:09:07Z,2022-08-04T21:29:26Z,18
254,SPRINGDEAL,2023-01-31T17:07:47Z,2023-01-18T12:12:29Z,20
255,LOVE2SAVE,2022-08-09T15:21:19Z,2023-04-11T09:38:19Z,8
256,LOVE2SAVE,2022-06-30T02:49:54Z,2023-02-04T04:29:28Z,19
257,SUMMERSALE,2022-07-20T05:08:18Z,2022-07-25T04:43:51Z,15
258,LOVE2SAVE,2022-10-02T03:11:07Z,2022-07-02T03:40:28Z,9
259,DEALHUNTER,2022-07-26T21:03:38Z,2023-04-25T11:43:44Z,5
260,GREATSAVINGS,2022-07-27T22:34:41Z,2022-07-17T13:10:53Z,6
261,CUTECOUPON,2023-03-30T05:04:27Z,2022-06-11T00:44:53Z,19
262,SHOPSMART,2023-04-10T14:38:38Z,2022-07-26T15:16:45Z,11
263,SPRINGDEAL,2023-04-01T05:49:52Z,2022-05-04T21:27:53Z,15
264,LOVE2SAVE,2022-07-05T17:45:43Z,2022-10-04T15:13:13Z,11
265,CUTECOUPON,2022-07-16T04:24:15Z,2022-10-23T05:03:52Z,20
266,HAPPYSHOPPER,2022-05-16T15:12:12Z,2023-03-08T10:01:49Z,16
267,SAVEMORE,2022-05-17T03:43:53Z,2022-08-21T20:29:57Z,8
268,SAVEMORE,2023-03-08T11:31:53Z,2022-08-01T17:38:51Z,13
269,SUMMERSALE,2022-07-16T05:59:46Z,2022-11-27T18:41:42Z,10
270,SHOPSMART,2023-02-22T03:05:13Z,2023-04-26T05:26:42Z,15
271,SUMMERSALE,2022-07-07T03:46:53Z,2022-07-12T11:08:53Z,8
272,SIZZLINGSAVE,2022-11-23T12:14:25Z,2022-09-08T09:28:11Z,19
273,SPRINGDEAL,2022-12-04T00:28:27Z,2022-06-08T04:31:35Z,8
274,SPRINGDEAL,2023-04-25T13:03:35Z,2023-02-09T22:27:39Z,12
275,SUMMERSALE,2022-10-21T03:56:36Z,2023-04-24T15:40:20Z,7
276,DEALHUNTER,2022-07-29T07:57:48Z,2022-08-25T05:55:43Z,7
277,BARGAINBUDDY,2022-12-06T07:09:39Z,2022-10-09T14:57:15Z,17
278,LOVE2SAVE,2022-09-07T04:37:47Z,2022-08-10T02:07:29Z,7
279,HAPPYSHOPPER,2022-06-01T14:41:31Z,2022-12-10T09:30:10Z,13
280,DEALHUNTER,2023-04-02T12:47:49Z,2022-12-11T22:47:12Z,7
281,DISCOUNTTIME,2023-03-07T08:38:52Z,2022-10-21T04:54:53Z,12
282,DISCOUNTTIME,2022-09-01T01:40:34Z,2022-06-26T23:28:11Z,9
283,SPRINGDEAL,2022-09-02T21:52:03Z,2022-06-05T13:40:26Z,12
284,HAPPYSHOPPER,2022-10-30T08:54:30Z,2023-01-26T08:37:23Z,9
285,GREATSAVINGS,2023-04-22T16:47:54Z,2022-11-02T23:33:34Z,11
286,SUMMERSALE,2023-01-06T14:52:25Z,2022-10-25T10:14:40Z,9
287,SAVEMORE,2022-08-06T03:20:46Z,2023-04-13T01:04:06Z,20
288,LOVE2SAVE,2022-10-26T20:38:43Z,2023-03-15T22:33:07Z,15
289,SAVEMORE,2022-07-17T23:55:20Z,2022-05-20T04:04:27Z,19
290,SHOPSMART,2022-06-02T17:27:20Z,2023-01-08T03:44:37Z,8
291,CUTECOUPON,2022-06-03T11:22:21Z,2022-05-31T01:33:00Z,6
292,HAPPYSHOPPER,2023-02-13T09:44:18Z,2023-01-09T04:23:56Z,15
293,CUTECOUPON,2022-09-02T01:11:23Z,2022-11-16T18:01:42Z,5
294,LOVE2SAVE,2023-01-31T07:34:44Z,2022-09-23T07:54:09Z,6
295,DISCOUNTTIME,2022-10-02T23:45:12Z,2023-03-04T11:13:21Z,8
296,SPRINGDEAL,2023-04-16T00:58:54Z,2022-08-15T10:20:26Z,15
297,LOVE2SAVE,2022-12-01T19:42:46Z,2022-08-27T21:11:44Z,16
298,LOVE2SAVE,2022-06-28T10:27:18Z,2022-10-13T13:32:59Z,19
299,BARGAINBUDDY,2022-09-20T07:00:32Z,2023-04-01T10:03:51Z,16
300,CUTECOUPON,2022-08-01T11:45:35Z,2022-12-30T02:16:51Z,8
301,LOVE2SAVE,2022-06-28T23:27:15Z,2022-08-23T21:53:40Z,11
302,LOVE2SAVE,2023-04-02T07:12:47Z,2022-05-18T22:23:15Z,14
303,LOVE2SAVE,2022-08-22T07:00:10Z,2023-04-07T15:01:06Z,17
304,SPRINGDEAL,2023-03-08T13:59:46Z,2022-12-18T22:25:28Z,14
305,SPRINGDEAL,2022-11-18T10:30:15Z,2022-06-05T17:07:10Z,5
306,LOVE2SAVE,2022-12-11T12:09:18Z,2023-01-02T12:30:09Z,14
307,DISCOUNTTIME,2023-04-02T01:14:33Z,2022-08-26T07:05:27Z,17
308,GREATSAVINGS,2023-01-31T03:46:25Z,2022-12-07T03:10:50Z,7
309,CUTECOUPON,2022-05-19T03:56:48Z,2023-01-14T11:00:18Z,11
310,GREATSAVINGS,2023-01-19T20:46:37Z,2022-08-03T13:22:10Z,14
311,CUTECOUPON,2023-02-03T07:45:48Z,2022-07-19T00:19:13Z,6
312,DISCOUNTTIME,2023-03-07T13:30:02Z,2022-08-20T12:33:05Z,19
313,DISCOUNTTIME,2023-04-27T02:14:17Z,2022-09-29T16:54:35Z,5
314,DEALHUNTER,2022-12-20T15:48:07Z,2022-11-11T17:46:31Z,6
315,SUMMERSALE,2023-04-04T19:24:33Z,2023-03-21T05:07:30Z,15
316,SHOPSMART,2023-02-12T21:15:06Z,2022-12-08T11:08:47Z,19
317,SHOPSMART,2022-05-26T14:31:11Z,2022-10-31T17:02:08Z,15
318,HAPPYSHOPPER,2023-01-30T22:29:25Z,2022-09-27T02:29:01Z,8
319,SAVEMORE,2022-10-25T20:23:58Z,2022-06-09T05:32:49Z,18
320,BARGAINBUDDY,2022-08-11T18:28:36Z,2022-09-19T11:17:17Z,5
321,HAPPYSHOPPER,2022-11-06T21:25:43Z,2023-01-03T13:34:59Z,19
322,SPRINGDEAL,2023-04-12T16:19:21Z,2022-05-16T00:25:49Z,14
323,DISCOUNTTIME,2022-10-27T18:40:46Z,2023-04-10T06:41:59Z,15
324,SPRINGDEAL,2022-10-02T11:42:28Z,2022-10-03T20:44:09Z,19
325,BARGAINBUDDY,2022-10-28T05:43:15Z,2022-10-22T21:44:12Z,17
326,HAPPYSHOPPER,2023-03-07T20:27:41Z,2022-07-15T07:38:09Z,10
327,SPRINGDEAL,2022-08-26T07:52:12Z,2022-11-27T00:07:21Z,11
328,DISCOUNTTIME,2022-12-18T13:46:01Z,2023-02-13T03:17:43Z,20
329,LOVE2SAVE,2023-01-03T08:09:50Z,2022-06-10T07:11:02Z,19
330,LOVE2SAVE,2022-08-06T00:07:16Z,2023-01-19T12:41:55Z,18
331,LOVE2SAVE,2023-02-19T05:44:22Z,2023-01-25T13:24:07Z,15
332,SAVEMORE,2023-01-24T03:02:23Z,2022-09-01T00:53:25Z,15
333,BARGAINBUDDY,2022-07-16T04:17:58Z,2022-07-15T05:12:01Z,16
334,DISCOUNTTIME,2022-04-29T23:12:33Z,2022-08-23T11:47:36Z,8
335,DEALHUNTER,2023-04-16T08:02:17Z,2023-04-02T19:04:40Z,19
336,SHOPSMART,2022-12-25T05:18:36Z,2022-11-23T09:03:09Z,14
337,CUTECOUPON,2022-08-30T19:25:40Z,2022-11-14T02:07:12Z,9
338,DISCOUNTTIME,2022-08-28T19:32:32Z,2023-02-08T09:02:54Z,16
339,CUTECOUPON,2022-10-05T18:54:12Z,2022-06-30T14:01:02Z,17
340,SAVEMORE,2022-11-06T23:16:31Z,2022-05-30T17:52:51Z,13
341,GREATSAVINGS,2022-09-06T06:03:23Z,2022-06-06T07:12:03Z,20
342,DISCOUNTTIME,2023-04-17T05:54:01Z,2023-04-14T09:18:10Z,6
343,SIZZLINGSAVE,2022-06-24T05:59:29Z,2022-11-24T16:40:21Z,17
344,SIZZLINGSAVE,2022-09-22T20:31:48Z,2022-09-29T15:32:59Z,19
345,DISCOUNTTIME,2022-10-17T17:11:59Z,2023-03-31T08:26:30Z,11
346,CUTECOUPON,2022-06-24T05:08:22Z,2022-11-28T12:15:55Z,15
347,SIZZLINGSAVE,2022-06-16T04:54:13Z,2023-01-29T08:01:51Z,16
348,SHOPSMART,2022-11-10T21:52:39Z,2023-02-11T00:27:05Z,5
349,DEALHUNTER,2023-02-09T20:03:33Z,2022-12-08T05:34:42Z,16
350,GREATSAVINGS,2023-04-03T09:02:26Z,2023-02-19T01:48:24Z,14
351,BARGAINBUDDY,2022-12-07T02:11:02Z,2023-04-03T18:25:39Z,17
352,SHOPSMART,2022-07-01T10:32:20Z,2022-08-26T18:06:40Z,14
353,LOVE2SAVE,2023-03-17T06:46:32Z,2022-07-05T17:43:50Z,13
354,LOVE2SAVE,2022-06-19T23:49:19Z,2022-12-21T16:22:05Z,14
355,SAVEMORE,2022-12-03T12:57:05Z,2022-11-02T07:27:42Z,14
356,DEALHUNTER,2023-03-31T08:50:09Z,2022-06-14T14:55:11Z,14
357,DISCOUNTTIME,2022-12-01T01:05:41Z,2023-01-17T13:09:58Z,8
358,BARGAINBUDDY,2022-10-07T19:22:22Z,2022-11-15T13:18:59Z,18
359,LOVE2SAVE,2022-05-06T10:34:03Z,2022-05-26T06:59:51Z,11
360,SHOPSMART,2022-12-26T08:56:46Z,2022-05-06T04:18:16Z,18
361,LOVE2SAVE,2023-04-14T11:26:22Z,2022-12-10T01:16:13Z,15
362,SAVEMORE,2022-07-31T13:30:57Z,2022-04-29T08:03:27Z,20
363,LOVE2SAVE,2022-10-17T20:52:01Z,2022-08-03T09:47:34Z,14
364,HAPPYSHOPPER,2022-05-24T02:09:20Z,2022-12-04T17:57:48Z,5
365,CUTECOUPON,2022-07-31T04:19:31Z,2022-05-02T22:51:03Z,8
366,DISCOUNTTIME,2022-12-20T04:08:06Z,2022-07-23T13:10:05Z,13
367,DEALHUNTER,2022-10-27T02:17:36Z,2023-02-02T15:26:02Z,17
368,DEALHUNTER,2022-07-30T01:11:58Z,2023-03-23T21:01:36Z,6
369,BARGAINBUDDY,2023-02-26T23:17:56Z,2022-09-21T22:58:45Z,16
370,HAPPYSHOPPER,2022-11-20T20:49:04Z,2023-03-03T07:50:38Z,18
371,LOVE2SAVE,2022-11-15T15:11:59Z,2023-03-21T19:52:13Z,8
372,SIZZLINGSAVE,2022-09-09T20:20:14Z,2022-05-04T09:14:21Z,18
373,GREATSAVINGS,2022-07-22T21:01:59Z,2022-07-20T09:18:34Z,16
374,SPRINGDEAL,2022-08-28T15:14:49Z,2022-10-13T05:40:38Z,18
375,DISCOUNTTIME,2022-12-05T23:57:09Z,2022-09-16T16:57:34Z,17
376,DISCOUNTTIME,2022-08-19T07:27:56Z,2022-06-19T23:47:07Z,20
377,SAVEMORE,2022-07-23T14:56:20Z,2022-07-11T06:06:52Z,20
378,LOVE2SAVE,2022-10-14T18:24:52Z,2022-11-09T14:45:49Z,5
379,SIZZLINGSAVE,2022-10-04T04:08:00Z,2022-05-13T14:31:59Z,8
380,HAPPYSHOPPER,2023-02-17T19:03:35Z,2022-08-25T11:27:27Z,7
381,CUTECOUPON,2022-10-11T12:07:11Z,2022-12-13T21:30:11Z,12
382,CUTECOUPON,2022-06-14T04:14:08Z,2023-04-05T12:58:38Z,7
383,CUTECOUPON,2023-01-28T21:06:37Z,2023-03-30T11:43:57Z,11
384,HAPPYSHOPPER,2022-10-14T05:23:02Z,2022-10-10T13:13:44Z,14
385,SPRINGDEAL,2022-08-05T21:39:27Z,2022-09-15T07:51:01Z,12
386,DISCOUNTTIME,2022-10-16T22:49:23Z,2022-08-01T00:16:30Z,16
387,SPRINGDEAL,2023-02-09T00:02:25Z,2022-12-19T08:41:42Z,10
388,CUTECOUPON,2022-08-21T14:27:16Z,2022-07-14T20:46:12Z,13
389,SHOPSMART,2023-04-05T07:09:12Z,2022-06-05T04:40:43Z,18
390,BARGAINBUDDY,2022-08-26T02:00:54Z,2022-12-24T14:29:12Z,17
391,SAVEMORE,2022-08-01T21:28:56Z,2022-06-15T19:03:09Z,17
392,SAVEMORE,2023-04-04T00:50:06Z,2023-03-15T20:54:31Z,7
393,LOVE2SAVE,2022-09-01T21:25:17Z,2023-04-18T19:05:20Z,10
394,SUMMERSALE,2022-09-02T12:57:33Z,2023-01-05T18:57:20Z,14
395,LOVE2SAVE,2022-09-01T01:14:38Z,2022-12-27T11:50:07Z,8
396,SUMMERSALE,2022-08-25T14:22:35Z,2023-03-13T22:33:24Z,11
397,GREATSAVINGS,2023-01-02T09:55:51Z,2022-11-07T13:57:34Z,17
398,SAVEMORE,2022-12-05T19:35:55Z,2022-05-13T02:50:18Z,19
399,GREATSAVINGS,2023-01-14T12:01:49Z,2022-09-10T02:16:38Z,10
400,LOVE2SAVE,2022-06-03T14:49:15Z,2023-03-28T19:55:21Z,13
401,HAPPYSHOPPER,2023-04-13T15:26:28Z,2022-09-23T07:29:35Z,6
402,SUMMERSALE,2023-04-19T22:40:18Z,2022-11-15T21:51:37Z,6
403,BARGAINBUDDY,2022-06-28T15:17:39Z,2022-08-16T04:44:24Z,13
404,HAPPYSHOPPER,2022-07-12T14:32:18Z,2022-05-22T14:24:36Z,13
405,SIZZLINGSAVE,2023-01-06T16:10:15Z,2022-05-22T05:03:09Z,14
406,BARGAINBUDDY,2022-08-19T00:32:56Z,2023-03-24T13:05:06Z,17
407,SPRINGDEAL,2022-05-09T22:53:47Z,2023-02-02T12:04:18Z,11
408,SUMMERSALE,2023-02-11T10:01:07Z,2023-03-25T09:15:47Z,19
409,HAPPYSHOPPER,2023-04-06T06:49:20Z,2022-04-30T06:33:31Z,12
410,LOVE2SAVE,2023-03-09T20:13:56Z,2023-02-08T23:01:06Z,12
411,SPRINGDEAL,2023-03-19T11:05:14Z,2023-04-15T18:23:10Z,19
412,SHOPSMART,2023-01-07T16:49:59Z,2023-03-23T14:06:29Z,6
413,SIZZLINGSAVE,2022-06-29T07:13:04Z,2022-11-22T19:56:31Z,7
414,SAVEMORE,2022-10-22T08:44:52Z,2022-10-20T03:43:59Z,14
415,DISCOUNTTIME,2023-04-22T18:11:32Z,2022-08-25T01:34:38Z,12
416,SHOPSMART,2022-05-02T21:24:27Z,2023-04-17T11:09:18Z,12
417,DISCOUNTTIME,2022-05-23T17:40:12Z,2022-06-09T17:07:55Z,10
418,SPRINGDEAL,2022-10-15T06:26:45Z,2022-12-13T13:52:02Z,16
419,GREATSAVINGS,2023-01-28T01:07:20Z,2022-06-11T22:58:49Z,16
420,SUMMERSALE,2023-02-04T23:32:47Z,2022-08-21T01:08:11Z,14
421,SPRINGDEAL,2022-05-01T01:47:23Z,2022-06-30T09:56:04Z,16
422,DEALHUNTER,2022-07-25T12:27:55Z,2022-06-02T20:51:50Z,6
423,GREATSAVINGS,2022-05-11T08:16:46Z,2022-08-03T18:44:39Z,7
424,SUMMERSALE,2023-04-24T12:41:56Z,2022-05-11T10:28:32Z,7
425,SUMMERSALE,2022-12-14T05:02:07Z,2023-02-14T14:45:06Z,9
426,LOVE2SAVE,2022-05-26T05:41:19Z,2022-09-27T00:14:18Z,12
427,BARGAINBUDDY,2022-08-29T18:47:05Z,2022-06-15T12:06:47Z,11
428,HAPPYSHOPPER,2022-09-05T11:52:19Z,2023-01-26T22:29:40Z,11
429,CUTECOUPON,2022-12-05T20:44:49Z,2023-04-16T10:10:41Z,19
430,GREATSAVINGS,2022-06-22T02:11:05Z,2022-06-17T22:41:41Z,10
431,SPRINGDEAL,2022-08-18T12:24:07Z,2022-08-24T07:20:37Z,7
432,SPRINGDEAL,2022-12-14T10:38:58Z,2022-09-15T06:07:26Z,8
433,HAPPYSHOPPER,2022-05-26T06:21:54Z,2022-05-17T21:22:12Z,5
434,DEALHUNTER,2022-08-13T03:47:51Z,2022-10-20T02:14:29Z,18
435,BARGAINBUDDY,2022-09-15T13:22:53Z,2023-03-24T05:40:55Z,7
436,GREATSAVINGS,2022-11-17T21:30:13Z,2022-07-07T15:02:22Z,10
437,DISCOUNTTIME,2022-09-14T02:20:50Z,2023-02-09T23:33:22Z,15
438,SUMMERSALE,2022-09-18T11:58:05Z,2022-12-05T03:58:26Z,9
439,DISCOUNTTIME,2022-10-10T10:34:04Z,2023-02-27T02:58:40Z,16
440,LOVE2SAVE,2022-10-27T10:53:34Z,2022-12-09T09:29:54Z,7
441,SHOPSMART,2022-09-21T19:03:14Z,2023-01-30T03:13:14Z,10
442,SPRINGDEAL,2022-07-20T15:29:25Z,2023-01-22T23:15:32Z,8
443,SHOPSMART,2022-06-13T17:23:28Z,2023-04-26T00:33:41Z,14
444,BARGAINBUDDY,2022-09-23T10:40:57Z,2023-03-08T21:31:25Z,5
445,SIZZLINGSAVE,2022-09-05T08:41:43Z,2023-02-08T13:36:19Z,14
446,HAPPYSHOPPER,2022-11-14T07:30:01Z,2022-05-17T22:26:46Z,6
447,SHOPSMART,2022-10-02T17:41:55Z,2023-03-11T02:13:09Z,16
448,SAVEMORE,2023-03-18T04:01:05Z,2023-03-01T22:51:57Z,17
449,HAPPYSHOPPER,2022-09-08T00:48:26Z,2022-09-14T09:59:41Z,6
450,LOVE2SAVE,2022-09-03T01:54:08Z,2022-05-25T09:56:36Z,14
451,GREATSAVINGS,2023-01-25T11:40:50Z,2022-07-03T02:07:55Z,5
452,DISCOUNTTIME,2022-11-13T07:50:22Z,2022-08-12T14:58:41Z,13
453,SHOPSMART,2023-03-05T07:38:10Z,2022-06-05T07:41:18Z,8
454,BARGAINBUDDY,2022-12-11T04:44:43Z,2023-04-28T23:36:20Z,7
455,SHOPSMART,2022-06-29T07:03:19Z,2022-05-07T01:31:42Z,13
456,BARGAINBUDDY,2022-06-24T00:24:19Z,2023-03-04T07:26:31Z,6
457,SAVEMORE,2023-02-10T10:55:49Z,2023-01-12T10:22:19Z,5
458,CUTECOUPON,2022-11-08T05:30:33Z,2023-03-13T14:48:12Z,5
459,LOVE2SAVE,2022-11-15T03:43:00Z,2022-10-18T12:37:10Z,19
460,SIZZLINGSAVE,2022-05-15T03:53:26Z,2023-01-18T18:33:36Z,8
461,HAPPYSHOPPER,2022-07-25T05:44:58Z,2022-08-14T22:58:54Z,8
462,GREATSAVINGS,2023-04-19T02:19:15Z,2022-10-07T03:42:02Z,12
463,DISCOUNTTIME,2022-09-07T23:16:56Z,2023-01-12T09:51:01Z,12
464,LOVE2SAVE,2022-05-13T18:03:53Z,2022-11-20T11:58:06Z,15
465,CUTECOUPON,2022-06-29T10:27:28Z,2023-04-22T05:30:50Z,11
466,BARGAINBUDDY,2022-11-14T19:09:43Z,2023-01-11T14:28:57Z,8
467,DEALHUNTER,2023-02-05T11:06:08Z,2022-05-20T15:30:19Z,6
468,HAPPYSHOPPER,2022-11-26T06:14:44Z,2022-10-08T15:26:19Z,9
469,SAVEMORE,2022-07-02T11:52:48Z,2022-10-27T08:08:09Z,20
470,BARGAINBUDDY,2023-04-24T22:13:46Z,2022-11-28T22:05:16Z,10
471,SUMMERSALE,2022-05-30T04:52:33Z,2023-02-12T13:28:50Z,12
472,SHOPSMART,2023-04-10T03:06:15Z,2022-05-14T16:05:25Z,17
473,DEALHUNTER,2023-02-22T00:13:09Z,2022-07-09T17:18:31Z,13
474,LOVE2SAVE,2022-06-10T04:40:33Z,2022-05-17T04:48:37Z,9
475,SHOPSMART,2022-06-04T04:46:38Z,2022-11-07T12:24:53Z,13
476,LOVE2SAVE,2023-03-16T21:13:27Z,2023-01-07T23:08:58Z,8
477,CUTECOUPON,2022-10-05T18:20:54Z,2023-02-12T23:17:58Z,10
478,SPRINGDEAL,2023-04-23T22:50:45Z,2022-11-09T18:26:56Z,20
479,SIZZLINGSAVE,2023-02-05T00:12:37Z,2022-12-20T04:12:04Z,18
480,SPRINGDEAL,2022-08-19T00:01:38Z,2023-02-05T11:34:57Z,10
481,HAPPYSHOPPER,2022-09-25T06:13:49Z,2023-02-28T01:58:36Z,6
482,SPRINGDEAL,2023-01-09T21:49:18Z,2022-11-02T06:55:09Z,16
483,BARGAINBUDDY,2023-03-02T10:12:13Z,2022-12-08T01:07:09Z,19
484,SAVEMORE,2022-11-17T09:49:53Z,2022-06-03T14:09:05Z,5
485,SPRINGDEAL,2022-07-17T03:30:53Z,2023-01-30T12:55:39Z,16
486,HAPPYSHOPPER,2023-02-25T16:42:01Z,2022-07-05T16:22:16Z,7
487,GREATSAVINGS,2022-05-18T18:37:50Z,2022-06-08T18:20:54Z,13
488,CUTECOUPON,2023-02-16T03:41:11Z,2023-03-21T08:31:20Z,9
489,DISCOUNTTIME,2022-09-14T12:49:02Z,2022-05-25T18:52:18Z,16
490,SAVEMORE,2022-12-16T02:51:19Z,2023-01-23T20:45:09Z,18
491,SHOPSMART,2022-09-02T23:33:57Z,2022-12-05T22:21:26Z,15
492,LOVE2SAVE,2023-03-27T15:12:02Z,2023-01-15T14:13:10Z,14
493,DEALHUNTER,2023-02-04T20:57:48Z,2023-04-27T00:24:54Z,18
494,SHOPSMART,2023-02-10T06:12:28Z,2022-05-23T23:41:04Z,12
495,CUTECOUPON,2022-07-07T17:38:34Z,2022-05-20T10:37:51Z,15
496,SAVEMORE,2022-12-29T16:26:24Z,2022-07-19T05:47:36Z,12
497,SIZZLINGSAVE,2023-04-15T04:49:43Z,2022-11-09T01:54:59Z,5
498,GREATSAVINGS,2022-05-19T17:21:52Z,2023-04-09T09:57:52Z,7
499,SHOPSMART,2022-08-02T10:21:20Z,2022-10-26T20:25:03Z,19
500,LOVE2SAVE,2022-06-29T12:52:32Z,2022-07-14T02:48:08Z,20
501,GREATSAVINGS,2022-10-04T00:59:06Z,2023-01-08T19:47:40Z,12
502,SHOPSMART,2022-11-30T01:34:57Z,2023-03-21T14:59:19Z,10
503,SHOPSMART,2022-06-29T13:19:17Z,2023-01-18T04:29:30Z,8
504,LOVE2SAVE,2022-07-02T05:46:24Z,2022-07-28T15:19:10Z,18
505,DISCOUNTTIME,2022-11-06T09:17:55Z,2023-03-26T16:46:26Z,18
506,BARGAINBUDDY,2023-01-11T16:38:55Z,2022-07-12T04:06:19Z,15
507,DISCOUNTTIME,2022-05-07T01:41:47Z,2022-07-31T19:22:38Z,8
508,SPRINGDEAL,2023-02-12T05:25:03Z,2022-06-14T07:31:08Z,14
509,DISCOUNTTIME,2022-07-05T07:14:52Z,2022-05-10T14:20:06Z,7
510,SPRINGDEAL,2022-09-12T14:10:33Z,2022-08-08T23:26:52Z,7
511,HAPPYSHOPPER,2022-10-19T23:36:25Z,2022-06-12T12:44:39Z,18
512,SUMMERSALE,2022-07-08T05:51:37Z,2022-08-16T04:31:41Z,10
513,SIZZLINGSAVE,2022-06-01T13:20:18Z,2022-09-17T17:42:11Z,11
514,HAPPYSHOPPER,2023-02-16T21:24:20Z,2023-04-15T13:14:58Z,13
515,BARGAINBUDDY,2022-09-02T06:19:10Z,2023-03-12T13:42:20Z,5
516,SIZZLINGSAVE,2023-03-13T23:50:30Z,2022-08-03T11:52:25Z,7
517,SIZZLINGSAVE,2023-01-07T19:38:12Z,2022-12-13T08:20:40Z,13
518,DISCOUNTTIME,2023-01-09T19:31:06Z,2022-05-11T14:32:24Z,7
519,SAVEMORE,2023-01-02T03:20:59Z,2023-01-04T00:13:13Z,11
520,SIZZLINGSAVE,2022-07-11T01:54:50Z,2023-04-19T01:23:33Z,13
521,SHOPSMART,2022-11-08T03:48:08Z,2022-05-07T04:10:53Z,5
522,SPRINGDEAL,2022-05-12T04:05:46Z,2023-04-07T17:51:51Z,15
523,SUMMERSALE,2022-09-10T18:28:27Z,2023-03-13T01:16:47Z,13
524,GREATSAVINGS,2023-01-24T15:38:13Z,2022-12-02T10:15:14Z,10
525,CUTECOUPON,2022-11-09T17:47:01Z,2022-06-29T06:40:14Z,18
526,SPRINGDEAL,2022-04-30T16:02:10Z,2022-06-10T17:37:36Z,15
527,GREATSAVINGS,2022-05-22T23:15:05Z,2022-09-15T21:10:35Z,16
528,SHOPSMART,2022-06-19T07:11:32Z,2022-08-09T21:39:29Z,13
529,SHOPSMART,2022-07-15T20:23:26Z,2022-09-01T04:57:50Z,10
530,DISCOUNTTIME,2023-01-08T22:35:37Z,2023-02-03T13:27:12Z,9
531,DISCOUNTTIME,2022-09-12T18:12:44Z,2023-03-27T03:26:53Z,12
532,SIZZLINGSAVE,2022-06-18T05:14:05Z,2022-10-07T21:02:29Z,13
533,DISCOUNTTIME,2023-02-08T09:21:59Z,2022-07-17T19:22:53Z,10
534,DEALHUNTER,2023-01-09T12:13:18Z,2022-08-18T11:20:14Z,7
535,SAVEMORE,2022-06-06T08:50:03Z,2022-08-12T06:34:41Z,19
536,GREATSAVINGS,2022-08-30T05:43:04Z,2022-12-10T18:46:41Z,15
537,SAVEMORE,2022-10-30T21:12:03Z,2022-12-24T15:39:43Z,15
538,CUTECOUPON,2023-01-27T02:14:15Z,2022-10-23T19:55:12Z,17
539,SUMMERSALE,2023-02-28T09:16:34Z,2022-06-01T04:02:31Z,9
540,SAVEMORE,2023-03-02T07:51:33Z,2022-11-24T10:30:15Z,17
541,BARGAINBUDDY,2022-08-23T08:19:03Z,2022-12-28T14:40:36Z,14
542,GREATSAVINGS,2022-08-10T22:22:45Z,2022-09-17T04:14:03Z,17
543,SHOPSMART,2023-03-13T05:40:39Z,2022-09-08T12:47:48Z,7
544,DISCOUNTTIME,2023-02-02T16:07:21Z,2023-01-01T00:15:48Z,6
545,SHOPSMART,2022-10-06T20:41:12Z,2023-01-15T18:49:07Z,19
546,SAVEMORE,2022-08-20T17:56:57Z,2022-08-10T13:58:34Z,18
547,SUMMERSALE,2023-01-07T07:07:00Z,2022-08-21T20:21:38Z,8
548,HAPPYSHOPPER,2022-12-31T15:09:28Z,2022-04-29T02:43:43Z,17
549,GREATSAVINGS,2022-11-04T10:37:49Z,2022-12-31T11:15:19Z,14
550,DEALHUNTER,2022-08-06T01:58:56Z,2022-09-15T14:15:18Z,18
551,GREATSAVINGS,2022-08-18T05:18:41Z,2022-10-24T21:54:16Z,14
552,BARGAINBUDDY,2022-05-14T22:45:17Z,2022-08-29T07:38:45Z,12
553,SUMMERSALE,2022-07-14T14:47:17Z,2022-11-09T00:57:19Z,18
554,SIZZLINGSAVE,2023-03-16T17:22:21Z,2022-05-15T10:02:38Z,5
555,SUMMERSALE,2023-02-08T08:16:55Z,2022-09-03T01:26:42Z,18
556,BARGAINBUDDY,2022-12-22T08:58:59Z,2022-05-09T00:44:38Z,17
557,SPRINGDEAL,2022-12-03T04:11:14Z,2023-04-02T23:05:14Z,11
558,BARGAINBUDDY,2022-12-25T03:48:35Z,2023-02-10T00:03:22Z,5
559,HAPPYSHOPPER,2023-01-03T07:13:03Z,2023-04-03T11:19:15Z,10
560,SIZZLINGSAVE,2022-09-08T21:27:27Z,2022-10-02T23:09:53Z,12
561,DISCOUNTTIME,2023-02-01T17:21:26Z,2022-06-27T06:06:26Z,20
562,SPRINGDEAL,2022-09-21T01:05:58Z,2022-07-01T10:19:05Z,18
563,DISCOUNTTIME,2023-02-25T04:07:54Z,2022-09-21T07:45:58Z,13
564,SAVEMORE,2023-02-18T22:45:27Z,2022-09-24T05:08:16Z,20
565,GREATSAVINGS,2022-10-15T23:25:07Z,2023-04-16T11:35:26Z,14
566,BARGAINBUDDY,2022-06-14T04:23:42Z,2022-09-06T18:09:20Z,18
567,DEALHUNTER,2023-02-05T14:20:38Z,2023-01-04T12:05:42Z,18
568,LOVE2SAVE,2022-05-15T15:37:33Z,2022-08-29T01:08:44Z,16
569,SAVEMORE,2023-01-07T23:18:41Z,2022-05-18T12:41:55Z,19
570,GREATSAVINGS,2023-03-26T09:33:01Z,2023-03-29T14:21:26Z,18
571,SUMMERSALE,2022-06-17T10:53:05Z,2022-09-04T07:41:50Z,8
572,DISCOUNTTIME,2022-10-06T08:23:30Z,2022-06-11T17:17:28Z,14
573,GREATSAVINGS,2022-05-17T07:55:19Z,2022-05-31T21:24:11Z,12
574,CUTECOUPON,2023-04-22T19:32:32Z,2022-09-27T08:49:00Z,19
575,SAVEMORE,2022-11-28T08:35:30Z,2022-07-09T02:03:53Z,7
576,SHOPSMART,2022-05-26T13:13:50Z,2022-07-26T08:00:34Z,14
577,SHOPSMART,2022-12-08T18:32:34Z,2022-08-07T14:43:01Z,15
578,DEALHUNTER,2022-10-18T14:08:31Z,2022-06-01T21:00:09Z,5
579,LOVE2SAVE,2023-01-16T13:59:36Z,2022-06-05T12:51:16Z,8
580,GREATSAVINGS,2022-11-23T17:39:30Z,2022-07-25T00:35:40Z,11
581,HAPPYSHOPPER,2023-01-16T10:28:48Z,2022-07-21T23:35:25Z,10
582,SUMMERSALE,2022-11-16T10:04:22Z,2022-05-09T12:51:20Z,15
583,LOVE2SAVE,2022-08-21T15:03:04Z,2023-01-11T13:06:55Z,13
584,BARGAINBUDDY,2022-11-12T20:44:06Z,2022-05-12T16:20:16Z,12
585,BARGAINBUDDY,2022-12-30T01:50:49Z,2022-08-09T01:03:18Z,13
586,SAVEMORE,2022-07-17T00:55:31Z,2022-09-03T13:36:32Z,19
587,LOVE2SAVE,2023-01-25T00:08:32Z,2022-08-30T04:25:43Z,14
588,SUMMERSALE,2022-11-05T06:38:47Z,2022-08-04T18:42:53Z,20
589,GREATSAVINGS,2022-12-16T07:20:53Z,2023-03-24T13:14:16Z,18
590,CUTECOUPON,2022-07-21T21:31:38Z,2022-07-10T11:09:09Z,10
591,SAVEMORE,2023-04-13T10:56:40Z,2022-11-08T22:24:38Z,9
592,DEALHUNTER,2022-06-13T03:23:37Z,2022-12-07T01:54:20Z,9
593,GREATSAVINGS,2022-09-25T16:48:41Z,2022-06-22T13:56:52Z,16
594,GREATSAVINGS,2022-07-08T08:55:51Z,2022-11-22T23:00:34Z,20
595,DEALHUNTER,2022-12-31T15:38:58Z,2022-11-20T12:49:54Z,12
596,SUMMERSALE,2022-06-18T08:59:43Z,2022-08-20T12:56:35Z,9
597,CUTECOUPON,2023-01-03T14:01:53Z,2022-06-04T08:30:13Z,6
598,SUMMERSALE,2023-02-04T13:28:47Z,2022-12-31T20:18:03Z,15
599,SAVEMORE,2022-06-09T20:52:29Z,2023-03-05T00:08:34Z,6
600,GREATSAVINGS,2022-07-21T07:00:08Z,2023-04-12T02:41:11Z,20
601,SPRINGDEAL,2023-01-24T21:36:50Z,2023-04-25T13:33:37Z,15
602,CUTECOUPON,2022-12-19T08:25:27Z,2022-05-31T00:32:17Z,15
603,LOVE2SAVE,2022-11-09T13:22:34Z,2023-03-06T20:14:09Z,13
604,GREATSAVINGS,2022-11-20T15:29:04Z,2022-08-19T13:53:17Z,11
605,DEALHUNTER,2022-05-10T14:10:12Z,2022-12-16T17:56:43Z,13
606,CUTECOUPON,2023-03-16T12:46:23Z,2022-09-10T01:30:52Z,12
607,CUTECOUPON,2022-10-01T06:38:54Z,2022-11-07T15:15:42Z,19
608,SIZZLINGSAVE,2023-04-22T22:11:22Z,2022-06-05T10:52:27Z,19
609,GREATSAVINGS,2023-03-11T18:00:02Z,2022-07-02T22:49:10Z,10
610,GREATSAVINGS,2022-05-11T23:01:46Z,2023-03-10T08:08:47Z,8
611,DISCOUNTTIME,2022-08-22T01:29:04Z,2022-07-21T15:30:47Z,12
612,SAVEMORE,2022-07-17T01:56:26Z,2022-10-12T11:16:23Z,14
613,SUMMERSALE,2022-06-04T17:05:04Z,2022-08-18T05:59:34Z,9
614,LOVE2SAVE,2023-04-09T19:37:57Z,2023-01-03T11:38:42Z,12
615,LOVE2SAVE,2022-08-24T21:56:48Z,2022-11-01T04:14:27Z,17
616,LOVE2SAVE,2022-10-17T15:05:58Z,2023-04-22T09:30:28Z,8
617,DEALHUNTER,2023-02-23T01:43:21Z,2023-04-12T04:41:36Z,13
618,GREATSAVINGS,2023-03-29T06:30:42Z,2022-12-03T12:30:12Z,13
619,LOVE2SAVE,2022-08-10T00:03:06Z,2022-06-07T04:45:46Z,7
620,SIZZLINGSAVE,2022-09-04T09:09:07Z,2022-08-29T07:35:14Z,13
621,SPRINGDEAL,2022-05-30T03:39:48Z,2022-11-26T07:06:16Z,8
622,GREATSAVINGS,2023-04-01T11:20:23Z,2022-12-30T09:53:03Z,11
623,DEALHUNTER,2023-02-01T03:30:39Z,2023-01-30T02:44:51Z,20
624,DEALHUNTER,2023-04-03T23:36:59Z,2022-12-02T00:29:53Z,19
625,SIZZLINGSAVE,2022-07-03T16:12:57Z,2022-08-26T11:44:12Z,5
626,SAVEMORE,2022-06-22T02:10:42Z,2022-12-04T19:37:43Z,12
627,HAPPYSHOPPER,2022-12-11T00:52:56Z,2023-03-08T10:49:06Z,18
628,SUMMERSALE,2022-12-25T23:45:42Z,2023-01-02T23:19:14Z,8
629,HAPPYSHOPPER,2023-04-25T04:24:11Z,2022-10-10T22:48:17Z,20
630,SHOPSMART,2023-02-07T18:57:45Z,2022-11-16T04:32:52Z,16
631,LOVE2SAVE,2022-12-10T07:46:51Z,2022-08-17T21:32:34Z,19
632,CUTECOUPON,2022-08-09T08:35:09Z,2022-08-26T14:55:05Z,20
633,BARGAINBUDDY,2023-03-09T18:47:02Z,2022-10-18T11:12:23Z,11
634,HAPPYSHOPPER,2022-06-11T11:29:11Z,2023-03-04T18:36:01Z,13
635,GREATSAVINGS,2022-10-12T14:50:03Z,2022-11-02T10:57:12Z,10
636,SHOPSMART,2023-03-20T00:25:05Z,2022-08-26T01:33:11Z,11
637,LOVE2SAVE,2023-04-09T11:52:36Z,2022-05-15T04:12:59Z,12
638,CUTECOUPON,2023-02-14T09:16:32Z,2022-09-15T02:32:12Z,19
639,BARGAINBUDDY,2023-01-06T05:48:48Z,2022-06-28T13:34:45Z,5
640,SPRINGDEAL,2023-01-11T02:20:42Z,2023-03-16T15:49:18Z,13
641,SUMMERSALE,2023-02-03T10:49:29Z,2022-07-08T00:02:40Z,16
642,BARGAINBUDDY,2022-08-17T08:20:17Z,2023-01-07T10:06:23Z,12
643,LOVE2SAVE,2022-12-17T00:53:39Z,2022-10-29T12:51:18Z,13
644,GREATSAVINGS,2023-04-14T01:49:40Z,2022-10-26T07:55:26Z,7
645,SAVEMORE,2022-11-28T09:12:52Z,2023-02-11T10:17:12Z,7
646,SAVEMORE,2022-08-17T09:12:15Z,2022-05-14T09:02:30Z,16
647,SPRINGDEAL,2022-12-19T19:48:53Z,2022-08-31T04:57:27Z,14
648,SUMMERSALE,2022-06-07T21:48:31Z,2022-07-13T23:34:21Z,6
649,CUTECOUPON,2023-01-21T01:07:26Z,2022-07-28T08:52:53Z,15
650,LOVE2SAVE,2022-07-12T07:38:11Z,2022-06-15T20:03:10Z,12
651,SAVEMORE,2022-11-01T23:36:26Z,2023-01-05T12:34:37Z,17
652,SHOPSMART,2022-08-17T04:30:43Z,2023-03-26T05:39:24Z,7
653,CUTECOUPON,2022-08-11T11:20:12Z,2023-03-17T13:24:16Z,7
654,CUTECOUPON,2022-08-20T03:24:33Z,2023-02-07T05:13:02Z,10
655,SIZZLINGSAVE,2023-01-12T22:30:58Z,2022-09-08T23:41:18Z,18
656,SPRINGDEAL,2023-04-17T15:34:42Z,2023-04-01T19:37:01Z,20
657,SIZZLINGSAVE,2023-04-06T21:44:39Z,2022-12-02T09:03:47Z,19
658,LOVE2SAVE,2022-06-26T15:55:40Z,2022-12-06T19:10:01Z,12
659,LOVE2SAVE,2023-03-23T04:54:05Z,2022-11-10T00:47:23Z,16
660,SIZZLINGSAVE,2022-09-30T21:19:29Z,2023-03-08T15:38:51Z,16
661,SIZZLINGSAVE,2022-11-13T09:16:43Z,2023-01-10T03:10:19Z,9
662,SIZZLINGSAVE,2023-03-31T21:21:26Z,2022-05-29T17:23:04Z,14
663,HAPPYSHOPPER,2023-01-22T02:09:06Z,2023-04-25T06:16:14Z,19
664,BARGAINBUDDY,2022-12-28T11:56:21Z,2022-07-04T16:34:32Z,5
665,SAVEMORE,2023-04-04T00:52:11Z,2022-07-19T23:13:24Z,9
666,SIZZLINGSAVE,2023-04-10T14:01:18Z,2023-04-03T02:32:24Z,18
667,SAVEMORE,2022-05-03T19:00:18Z,2022-06-29T07:11:44Z,11
668,BARGAINBUDDY,2022-08-22T08:23:14Z,2022-05-05T19:21:32Z,8
669,SHOPSMART,2022-09-27T22:44:05Z,2023-04-04T18:59:00Z,17
670,CUTECOUPON,2022-12-28T21:46:30Z,2023-04-23T02:04:36Z,5
671,GREATSAVINGS,2022-06-23T16:44:30Z,2023-03-09T18:45:38Z,13
672,GREATSAVINGS,2022-07-05T07:36:34Z,2023-01-30T16:25:48Z,11
673,CUTECOUPON,2022-08-02T12:54:36Z,2023-02-20T01:36:24Z,7
674,GREATSAVINGS,2023-04-11T17:25:21Z,2022-06-03T13:27:38Z,20
675,DEALHUNTER,2023-01-08T16:22:55Z,2023-01-04T14:40:40Z,17
676,SIZZLINGSAVE,2022-07-06T23:14:30Z,2023-03-17T16:48:52Z,20
677,SAVEMORE,2022-06-01T06:20:35Z,2022-06-30T00:26:52Z,15
678,SUMMERSALE,2023-03-06T14:06:59Z,2022-10-13T05:37:29Z,17
679,GREATSAVINGS,2023-03-24T03:23:52Z,2023-03-02T13:02:24Z,10
680,DEALHUNTER,2023-01-23T07:03:06Z,2022-05-21T00:47:24Z,10
681,DEALHUNTER,2022-10-05T03:48:39Z,2023-04-07T22:07:38Z,16
682,SIZZLINGSAVE,2023-04-20T09:01:39Z,2022-11-03T07:41:13Z,13
683,GREATSAVINGS,2022-12-29T02:37:38Z,2022-08-12T19:39:03Z,18
684,SUMMERSALE,2023-01-06T11:48:43Z,2022-10-25T11:03:50Z,7
685,SIZZLINGSAVE,2023-04-05T20:56:39Z,2022-07-23T02:59:16Z,10
686,CUTECOUPON,2023-02-21T05:11:10Z,2022-11-03T12:49:50Z,20
687,SUMMERSALE,2022-05-11T08:19:57Z,2023-01-25T06:19:16Z,13
688,SUMMERSALE,2022-12-25T03:53:30Z,2022-08-04T18:25:07Z,15
689,SAVEMORE,2022-08-07T21:06:59Z,2022-10-17T22:43:06Z,17
690,SPRINGDEAL,2022-12-01T01:21:27Z,2022-11-25T22:47:26Z,16
691,SHOPSMART,2022-05-13T21:11:54Z,2022-12-21T10:00:45Z,10
692,CUTECOUPON,2022-06-15T13:59:35Z,2022-05-25T06:14:43Z,12
693,SIZZLINGSAVE,2022-08-20T21:57:47Z,2022-08-31T23:52:23Z,5
694,CUTECOUPON,2022-06-14T15:49:27Z,2022-05-20T05:36:08Z,7
695,SUMMERSALE,2022-12-13T20:00:54Z,2022-05-30T06:07:22Z,9
696,SPRINGDEAL,2023-02-10T20:10:41Z,2022-10-08T21:17:29Z,20
697,SUMMERSALE,2022-11-29T01:31:01Z,2022-10-15T00:49:17Z,14
698,GREATSAVINGS,2023-01-26T21:04:02Z,2022-05-24T00:06:19Z,8
699,SPRINGDEAL,2022-12-18T08:29:44Z,2022-11-08T13:22:47Z,12
700,LOVE2SAVE,2022-08-31T13:50:58Z,2022-07-17T02:37:19Z,20
701,SUMMERSALE,2022-05-23T13:38:00Z,2022-05-24T11:03:38Z,19
702,SPRINGDEAL,2022-10-16T14:51:10Z,2022-12-19T07:00:18Z,20
703,CUTECOUPON,2023-02-21T14:39:11Z,2023-04-19T23:07:47Z,16
704,BARGAINBUDDY,2023-02-23T01:11:49Z,2022-08-17T23:07:28Z,13
705,LOVE2SAVE,2022-09-27T01:51:49Z,2023-01-02T02:23:23Z,8
706,DISCOUNTTIME,2022-11-25T11:24:54Z,2022-11-03T03:35:34Z,16
707,BARGAINBUDDY,2023-04-18T12:13:29Z,2022-09-22T05:38:23Z,7
708,LOVE2SAVE,2022-09-17T20:20:52Z,2022-07-19T19:16:10Z,10
709,SHOPSMART,2022-05-05T23:48:43Z,2023-02-05T07:33:06Z,8
710,DISCOUNTTIME,2022-09-16T11:24:04Z,2022-06-10T23:59:08Z,17
711,SIZZLINGSAVE,2022-09-27T02:08:55Z,2022-08-14T21:00:58Z,18
712,GREATSAVINGS,2023-02-07T18:28:54Z,2022-09-06T18:19:40Z,20
713,SIZZLINGSAVE,2022-12-28T13:13:45Z,2022-10-05T07:31:27Z,20
714,CUTECOUPON,2022-06-25T18:20:00Z,2023-02-08T16:04:12Z,10
715,SHOPSMART,2023-01-14T15:23:22Z,2023-01-16T22:16:16Z,5
716,CUTECOUPON,2023-01-28T10:57:15Z,2022-11-19T08:18:42Z,10
717,SHOPSMART,2022-09-20T01:56:15Z,2023-01-25T19:42:09Z,12
718,LOVE2SAVE,2023-04-25T21:22:51Z,2022-07-23T16:04:56Z,14
719,SPRINGDEAL,2022-06-03T12:10:53Z,2022-07-07T04:22:21Z,9
720,SHOPSMART,2023-03-13T20:44:36Z,2022-05-28T19:54:58Z,20
721,GREATSAVINGS,2022-07-15T11:45:19Z,2023-04-14T21:00:06Z,13
722,DEALHUNTER,2022-10-14T01:36:47Z,2022-11-20T09:41:45Z,19
723,SAVEMORE,2022-07-07T22:26:55Z,2022-09-01T17:00:14Z,11
724,SAVEMORE,2022-12-15T11:16:27Z,2022-08-20T16:44:06Z,13
725,LOVE2SAVE,2022-10-12T08:30:39Z,2023-01-20T05:57:07Z,17
726,LOVE2SAVE,2022-09-20T12:54:38Z,2022-05-04T01:37:44Z,6
727,LOVE2SAVE,2022-12-01T10:08:36Z,2022-09-09T17:58:16Z,15
728,SAVEMORE,2022-09-19T13:40:06Z,2022-07-19T23:51:04Z,12
729,SIZZLINGSAVE,2022-07-06T00:48:56Z,2023-03-04T06:09:09Z,16
730,LOVE2SAVE,2022-11-19T11:10:55Z,2022-07-21T08:45:22Z,15
731,BARGAINBUDDY,2022-10-04T00:37:59Z,2022-11-07T21:52:37Z,13
732,SPRINGDEAL,2023-04-24T09:57:13Z,2023-02-08T23:19:47Z,14
733,LOVE2SAVE,2023-02-05T18:45:31Z,2022-05-23T10:54:41Z,14
734,LOVE2SAVE,2022-12-16T09:06:53Z,2023-02-02T19:16:56Z,12
735,DISCOUNTTIME,2022-05-17T15:47:29Z,2022-06-17T17:35:29Z,14
736,DISCOUNTTIME,2023-03-31T21:06:43Z,2022-11-28T15:18:43Z,6
737,BARGAINBUDDY,2022-07-05T04:26:23Z,2022-10-29T02:50:51Z,13
738,SUMMERSALE,2023-02-25T09:21:07Z,2023-02-02T17:43:19Z,15
739,SAVEMORE,2022-07-29T17:50:29Z,2022-06-12T18:32:21Z,18
740,SPRINGDEAL,2022-11-08T02:05:10Z,2022-05-02T20:40:19Z,5
741,SAVEMORE,2023-01-09T18:51:31Z,2023-03-11T00:33:06Z,18
742,SIZZLINGSAVE,2023-04-10T17:56:01Z,2022-06-22T04:22:58Z,12
743,DISCOUNTTIME,2023-02-13T23:05:43Z,2023-04-13T05:54:53Z,20
744,LOVE2SAVE,2023-01-27T05:43:31Z,2022-10-27T19:23:22Z,10
745,GREATSAVINGS,2023-02-20T17:22:36Z,2023-03-02T14:37:39Z,18
746,SAVEMORE,2022-11-26T19:27:37Z,2023-01-29T17:22:19Z,17
747,SHOPSMART,2022-12-15T05:06:02Z,2023-01-31T10:26:24Z,19
748,SUMMERSALE,2022-06-01T02:33:13Z,2022-07-26T17:56:51Z,9
749,SUMMERSALE,2022-12-13T07:19:17Z,2022-11-27T20:40:40Z,18
750,SUMMERSALE,2022-11-18T03:48:24Z,2022-12-24T12:30:52Z,14
751,SIZZLINGSAVE,2022-09-07T12:32:20Z,2023-03-04T07:50:51Z,20
752,SUMMERSALE,2022-05-24T03:06:53Z,2022-09-23T13:24:32Z,9
753,SPRINGDEAL,2022-12-07T12:20:37Z,2022-07-13T11:18:44Z,15
754,SUMMERSALE,2022-09-30T20:22:49Z,2022-06-11T19:42:21Z,8
755,HAPPYSHOPPER,2022-05-19T19:07:31Z,2022-12-04T18:26:53Z,19
756,BARGAINBUDDY,2023-01-20T07:53:02Z,2022-05-24T02:48:39Z,17
757,SAVEMORE,2023-01-12T16:35:44Z,2023-04-14T22:50:07Z,9
758,LOVE2SAVE,2023-03-14T16:53:30Z,2022-10-16T13:12:07Z,13
759,SHOPSMART,2023-04-23T12:37:09Z,2022-06-04T23:25:47Z,5
760,SHOPSMART,2022-10-21T16:55:54Z,2022-11-13T11:19:05Z,16
761,SUMMERSALE,2022-10-16T08:14:19Z,2022-12-06T18:12:52Z,11
762,SHOPSMART,2023-02-19T12:43:34Z,2022-12-15T04:30:58Z,14
763,LOVE2SAVE,2023-01-21T20:59:02Z,2022-05-17T10:08:20Z,11
764,SPRINGDEAL,2022-11-16T01:13:27Z,2023-01-05T07:53:56Z,14
765,DEALHUNTER,2022-11-06T07:13:41Z,2022-05-02T10:09:48Z,5
766,LOVE2SAVE,2023-04-19T06:21:19Z,2022-06-09T14:12:17Z,15
767,SUMMERSALE,2022-07-11T19:24:44Z,2023-02-11T17:50:44Z,11
768,DEALHUNTER,2022-08-30T19:41:01Z,2023-03-02T21:18:42Z,6
769,CUTECOUPON,2022-12-27T06:04:50Z,2022-12-21T04:02:30Z,13
770,HAPPYSHOPPER,2022-11-07T08:24:50Z,2022-11-13T00:46:09Z,13
771,SPRINGDEAL,2022-05-01T04:19:38Z,2023-01-01T15:24:41Z,17
772,GREATSAVINGS,2023-02-05T03:25:41Z,2023-03-11T06:27:11Z,10
773,SUMMERSALE,2022-12-31T04:45:59Z,2022-09-21T08:19:04Z,20
774,SUMMERSALE,2022-11-30T22:11:07Z,2022-12-16T02:24:35Z,18
775,BARGAINBUDDY,2022-12-09T20:04:12Z,2022-12-06T21:57:07Z,5
776,LOVE2SAVE,2023-01-15T21:27:24Z,2023-01-01T12:59:13Z,11
777,SHOPSMART,2022-08-23T03:36:55Z,2022-12-27T17:06:35Z,12
778,SHOPSMART,2023-02-03T09:22:32Z,2022-11-07T00:25:17Z,10
779,BARGAINBUDDY,2022-12-15T11:49:20Z,2022-12-22T23:58:12Z,17
780,LOVE2SAVE,2022-12-31T07:43:36Z,2023-02-22T05:51:14Z,19
781,CUTECOUPON,2022-10-17T09:40:29Z,2022-12-31T15:08:57Z,6
782,SHOPSMART,2023-04-04T01:30:08Z,2022-09-21T04:17:54Z,12
783,CUTECOUPON,2022-12-17T05:39:46Z,2022-12-02T23:07:17Z,19
784,CUTECOUPON,2022-10-20T15:17:51Z,2023-04-14T15:00:19Z,16
785,LOVE2SAVE,2022-11-14T00:02:46Z,2022-10-27T16:34:11Z,13
786,SAVEMORE,2023-04-05T06:51:00Z,2022-06-14T09:54:33Z,17
787,SAVEMORE,2023-03-08T22:59:24Z,2023-04-01T17:37:33Z,10
788,DISCOUNTTIME,2022-12-09T01:34:06Z,2022-12-22T06:30:19Z,14
789,SHOPSMART,2022-07-07T19:55:47Z,2022-06-15T19:45:33Z,20
790,SHOPSMART,2023-03-27T02:35:04Z,2022-06-07T07:52:20Z,19
791,BARGAINBUDDY,2023-02-05T12:37:45Z,2022-08-18T13:50:02Z,16
792,BARGAINBUDDY,2022-08-24T12:06:46Z,2022-10-20T00:38:31Z,18
793,HAPPYSHOPPER,2022-11-22T04:55:54Z,2022-06-13T13:17:39Z,15
794,GREATSAVINGS,2023-01-01T14:45:15Z,2023-01-22T12:50:19Z,7
795,SHOPSMART,2023-03-28T10:21:29Z,2023-02-21T07:32:14Z,15
796,SIZZLINGSAVE,2023-04-28T12:33:09Z,2022-09-13T13:03:04Z,8
797,LOVE2SAVE,2022-08-19T22:17:40Z,2022-07-23T22:36:53Z,17
798,SUMMERSALE,2023-04-11T05:33:39Z,2023-03-29T23:53:58Z,12
799,SPRINGDEAL,2023-02-26T03:52:53Z,2022-11-01T17:01:22Z,12
800,SPRINGDEAL,2022-10-18T10:21:35Z,2023-02-08T20:39:56Z,14
801,SAVEMORE,2022-07-30T16:31:05Z,2022-09-12T15:10:35Z,19
802,DISCOUNTTIME,2023-01-20T17:45:51Z,2022-07-07T15:01:14Z,13
803,SAVEMORE,2022-09-30T13:07:52Z,2022-07-10T04:11:03Z,13
804,SIZZLINGSAVE,2022-12-27T14:00:12Z,2023-02-09T03:25:07Z,10
805,HAPPYSHOPPER,2022-11-08T11:55:02Z,2022-09-03T10:22:55Z,12
806,HAPPYSHOPPER,2022-12-03T15:21:46Z,2022-06-14T09:27:42Z,11
807,LOVE2SAVE,2023-01-18T04:59:37Z,2022-09-24T05:48:35Z,17
808,DEALHUNTER,2022-11-05T10:28:17Z,2022-05-27T05:33:21Z,20
809,HAPPYSHOPPER,2022-05-09T20:58:34Z,2022-07-18T21:21:24Z,19
810,SPRINGDEAL,2023-03-16T20:08:44Z,2022-10-10T09:18:27Z,6
811,SHOPSMART,2022-10-30T02:18:52Z,2022-08-10T15:58:46Z,12
812,CUTECOUPON,2023-02-03T23:41:40Z,2023-04-12T19:01:11Z,14
813,DISCOUNTTIME,2022-12-03T12:42:49Z,2023-04-12T01:47:32Z,14
814,DISCOUNTTIME,2022-12-04T20:44:48Z,2022-10-21T05:23:03Z,19
815,SUMMERSALE,2022-07-15T15:39:19Z,2022-06-06T04:51:48Z,14
816,BARGAINBUDDY,2022-08-23T18:47:40Z,2023-02-25T20:16:21Z,6
817,LOVE2SAVE,2022-12-22T09:28:49Z,2022-11-25T16:06:57Z,6
818,DISCOUNTTIME,2022-10-27T20:23:51Z,2022-10-13T18:42:13Z,15
819,SPRINGDEAL,2022-08-04T21:17:14Z,2022-05-18T20:13:44Z,8
820,BARGAINBUDDY,2023-01-16T13:13:06Z,2022-09-23T00:13:08Z,15
821,CUTECOUPON,2022-09-27T22:36:31Z,2023-01-01T17:57:50Z,7
822,SAVEMORE,2023-03-09T21:22:48Z,2022-05-15T12:35:36Z,5
823,BARGAINBUDDY,2023-04-01T12:16:26Z,2023-04-05T16:21:08Z,6
824,HAPPYSHOPPER,2023-01-30T14:12:45Z,2022-09-10T03:15:31Z,17
825,BARGAINBUDDY,2022-12-13T08:31:25Z,2022-06-27T04:11:17Z,14
826,SUMMERSALE,2022-12-28T12:58:25Z,2022-12-05T13:12:03Z,18
827,DISCOUNTTIME,2023-02-04T14:46:19Z,2022-09-19T11:55:28Z,12
828,DEALHUNTER,2022-11-02T15:35:35Z,2022-06-09T13:51:00Z,18
829,SPRINGDEAL,2022-11-01T12:16:18Z,2022-08-20T10:13:17Z,11
830,SAVEMORE,2023-01-01T00:30:32Z,2022-05-20T14:02:57Z,7
831,SIZZLINGSAVE,2022-10-07T00:01:09Z,2022-12-13T21:37:54Z,10
832,LOVE2SAVE,2023-03-10T16:26:12Z,2022-07-06T15:38:23Z,8
833,HAPPYSHOPPER,2022-12-31T15:05:32Z,2023-03-30T17:38:11Z,15
834,LOVE2SAVE,2022-07-07T07:53:20Z,2022-10-01T00:01:12Z,14
835,SHOPSMART,2023-02-05T08:34:56Z,2023-01-19T04:59:35Z,7
836,BARGAINBUDDY,2023-03-27T17:46:12Z,2023-01-30T16:43:45Z,6
837,DEALHUNTER,2022-10-28T01:06:58Z,2022-12-04T13:38:22Z,16
838,SUMMERSALE,2023-04-08T01:45:25Z,2022-05-25T06:46:07Z,6
839,BARGAINBUDDY,2022-06-13T03:39:52Z,2023-03-15T14:55:27Z,19
840,DEALHUNTER,2022-10-05T22:39:02Z,2022-07-03T03:49:20Z,6
841,SIZZLINGSAVE,2023-02-03T22:44:53Z,2022-10-14T03:39:15Z,12
842,SUMMERSALE,2022-05-12T09:18:07Z,2022-07-22T16:29:13Z,19
843,GREATSAVINGS,2022-09-09T11:13:52Z,2022-10-10T16:29:46Z,12
844,DISCOUNTTIME,2022-12-06T09:29:15Z,2022-09-14T11:26:13Z,9
845,DEALHUNTER,2022-12-04T10:47:44Z,2022-10-29T03:43:13Z,7
846,LOVE2SAVE,2022-07-18T02:00:52Z,2022-05-07T00:53:16Z,7
847,BARGAINBUDDY,2023-02-02T01:42:05Z,2023-04-05T18:28:38Z,12
848,HAPPYSHOPPER,2022-08-08T03:40:59Z,2023-03-07T06:06:34Z,19
849,LOVE2SAVE,2023-01-05T16:33:57Z,2022-12-14T09:14:39Z,19
850,SIZZLINGSAVE,2022-10-30T23:24:51Z,2022-09-23T13:03:07Z,5
851,DEALHUNTER,2022-07-22T13:45:26Z,2022-10-12T19:15:02Z,19
852,SPRINGDEAL,2022-12-23T04:50:43Z,2023-03-31T01:09:36Z,20
853,HAPPYSHOPPER,2023-01-20T10:44:30Z,2023-03-03T23:33:19Z,8
854,DEALHUNTER,2023-02-04T18:34:20Z,2022-10-26T09:59:59Z,14
855,DEALHUNTER,2022-12-09T21:58:40Z,2023-02-07T22:31:09Z,13
856,SHOPSMART,2023-01-11T08:45:39Z,2022-10-27T17:33:10Z,6
857,SAVEMORE,2022-09-12T03:06:54Z,2022-06-16T02:42:52Z,12
858,DEALHUNTER,2023-04-07T22:22:17Z,2023-03-24T00:55:31Z,9
859,DISCOUNTTIME,2022-11-13T00:48:19Z,2022-08-19T19:49:02Z,5
860,BARGAINBUDDY,2022-12-17T04:05:19Z,2023-01-06T14:45:50Z,6
861,LOVE2SAVE,2022-11-18T06:35:15Z,2022-05-01T02:11:27Z,12
862,SPRINGDEAL,2022-05-02T22:32:50Z,2022-06-08T10:37:51Z,15
863,DEALHUNTER,2022-12-04T15:44:18Z,2022-12-02T15:39:41Z,18
864,SIZZLINGSAVE,2022-08-09T00:58:45Z,2023-04-19T00:08:51Z,16
865,BARGAINBUDDY,2022-09-20T18:10:51Z,2023-02-15T13:02:02Z,12
866,GREATSAVINGS,2023-01-18T06:19:45Z,2023-03-28T22:47:54Z,17
867,SPRINGDEAL,2022-10-19T05:12:09Z,2023-04-03T20:27:30Z,12
868,GREATSAVINGS,2023-03-03T09:03:45Z,2023-03-30T18:05:15Z,20
869,SHOPSMART,2022-10-21T15:00:22Z,2023-02-19T00:47:27Z,6
870,DEALHUNTER,2023-04-07T21:38:21Z,2023-01-08T16:50:24Z,20
871,SPRINGDEAL,2022-12-07T21:53:54Z,2022-10-06T19:36:39Z,12
872,DEALHUNTER,2023-04-25T14:00:06Z,2022-06-22T12:46:31Z,15
873,LOVE2SAVE,2023-01-10T12:39:55Z,2022-11-24T16:34:42Z,17
874,LOVE2SAVE,2023-02-08T04:35:28Z,2022-07-11T08:35:58Z,9
875,HAPPYSHOPPER,2022-08-17T11:37:36Z,2022-10-31T21:42:44Z,9
876,SUMMERSALE,2022-09-04T04:22:44Z,2022-12-12T07:56:31Z,14
877,SUMMERSALE,2022-07-08T03:50:15Z,2022-08-06T17:25:53Z,12
878,BARGAINBUDDY,2022-06-21T00:26:13Z,2022-05-01T23:35:58Z,7
879,CUTECOUPON,2022-06-16T02:46:29Z,2023-01-28T23:39:26Z,11
880,DEALHUNTER,2022-11-12T23:32:48Z,2023-01-09T00:17:22Z,6
881,LOVE2SAVE,2023-03-13T06:38:51Z,2023-04-14T22:36:18Z,5
882,CUTECOUPON,2022-11-23T18:51:53Z,2022-05-04T09:26:52Z,6
883,DISCOUNTTIME,2022-06-11T02:22:52Z,2022-12-18T00:45:16Z,8
884,DISCOUNTTIME,2023-02-01T09:10:23Z,2023-02-16T14:49:33Z,18
885,SAVEMORE,2022-08-20T05:16:15Z,2022-05-20T23:18:46Z,9
886,HAPPYSHOPPER,2022-12-19T19:57:42Z,2022-05-04T07:54:22Z,16
887,BARGAINBUDDY,2022-07-06T17:14:17Z,2022-12-08T16:21:01Z,20
888,CUTECOUPON,2022-12-05T20:21:59Z,2022-10-05T15:22:40Z,15
889,SHOPSMART,2022-11-11T19:31:31Z,2022-12-19T12:40:15Z,10
890,SUMMERSALE,2022-11-16T06:54:17Z,2023-01-22T10:27:10Z,14
891,SAVEMORE,2022-05-13T06:27:12Z,2023-04-20T08:34:14Z,20
892,BARGAINBUDDY,2022-11-25T20:59:37Z,2023-03-11T02:57:38Z,9
893,SPRINGDEAL,2022-07-18T14:50:41Z,2022-09-09T01:36:36Z,14
894,SAVEMORE,2023-01-03T06:48:39Z,2022-12-20T14:32:48Z,17
895,SHOPSMART,2022-08-03T21:14:26Z,2022-07-18T21:25:05Z,20
896,CUTECOUPON,2022-06-07T20:02:15Z,2022-09-15T05:27:12Z,15
897,BARGAINBUDDY,2022-10-26T03:33:40Z,2022-11-04T06:46:21Z,9
898,BARGAINBUDDY,2022-12-27T17:35:35Z,2022-09-24T14:07:35Z,12
899,DISCOUNTTIME,2022-09-13T12:24:17Z,2022-07-25T09:59:29Z,17
900,SPRINGDEAL,2023-01-16T11:27:59Z,2023-04-23T21:55:55Z,13
901,SUMMERSALE,2022-10-29T00:44:22Z,2022-07-23T18:08:37Z,5
902,DEALHUNTER,2023-03-23T01:05:05Z,2022-12-29T14:07:33Z,11
903,BARGAINBUDDY,2023-04-05T23:25:56Z,2022-08-29T23:27:27Z,12
904,SAVEMORE,2023-04-20T17:32:37Z,2022-12-25T14:09:34Z,19
905,SHOPSMART,2022-10-22T21:29:40Z,2023-01-14T09:47:43Z,16
906,CUTECOUPON,2023-03-16T22:13:43Z,2023-03-28T03:43:40Z,8
907,DISCOUNTTIME,2023-01-26T16:23:29Z,2023-04-21T13:28:15Z,14
908,GREATSAVINGS,2022-06-28T05:22:14Z,2023-04-13T09:31:37Z,12
909,DISCOUNTTIME,2022-09-07T10:40:36Z,2022-10-06T09:01:44Z,17
910,SPRINGDEAL,2023-02-16T09:05:17Z,2023-03-13T02:08:12Z,10
911,BARGAINBUDDY,2023-04-09T04:16:56Z,2023-04-09T19:09:38Z,8
912,SHOPSMART,2022-11-09T00:05:55Z,2022-08-29T05:44:16Z,10
913,DEALHUNTER,2022-08-25T15:30:18Z,2023-02-21T12:51:36Z,12
914,DISCOUNTTIME,2022-11-27T05:44:03Z,2023-03-20T11:54:57Z,5
915,SAVEMORE,2022-07-28T08:15:28Z,2022-07-13T14:06:13Z,11
916,SPRINGDEAL,2023-01-31T12:01:13Z,2022-10-28T23:57:53Z,5
917,CUTECOUPON,2022-11-28T22:59:31Z,2023-03-27T01:09:12Z,8
918,CUTECOUPON,2023-02-21T03:38:05Z,2023-01-29T03:20:27Z,12
919,HAPPYSHOPPER,2022-10-27T02:55:03Z,2022-11-30T06:31:54Z,9
920,GREATSAVINGS,2022-08-09T02:42:34Z,2023-01-17T07:43:11Z,7
921,DISCOUNTTIME,2022-05-07T02:51:14Z,2023-02-17T11:59:13Z,8
922,SAVEMORE,2022-12-10T10:40:54Z,2023-03-12T01:20:19Z,10
923,SUMMERSALE,2022-09-01T14:16:17Z,2022-08-27T03:58:17Z,17
924,CUTECOUPON,2022-07-21T01:14:34Z,2023-01-03T08:13:20Z,9
925,DISCOUNTTIME,2022-07-03T20:35:19Z,2022-10-19T01:24:49Z,7
926,GREATSAVINGS,2022-10-28T11:19:51Z,2023-04-16T20:42:47Z,8
927,SIZZLINGSAVE,2023-03-29T07:09:14Z,2022-10-12T00:59:56Z,15
928,DEALHUNTER,2022-05-15T06:58:03Z,2022-10-29T00:03:43Z,12
929,SPRINGDEAL,2022-07-23T10:55:41Z,2023-03-03T04:59:31Z,7
930,GREATSAVINGS,2023-04-24T16:08:16Z,2022-08-12T00:53:01Z,8
931,LOVE2SAVE,2022-10-12T02:17:35Z,2022-12-17T17:32:38Z,5
932,DISCOUNTTIME,2022-09-26T07:47:52Z,2022-08-02T18:19:52Z,6
933,DEALHUNTER,2022-08-04T05:50:09Z,2023-01-22T04:58:00Z,15
934,SIZZLINGSAVE,2023-01-31T23:17:18Z,2023-02-07T20:39:20Z,16
935,SUMMERSALE,2022-06-15T15:49:18Z,2022-09-06T07:59:10Z,7
936,LOVE2SAVE,2022-05-27T17:41:53Z,2022-07-13T09:36:32Z,12
937,BARGAINBUDDY,2022-11-13T23:49:23Z,2022-07-28T11:26:13Z,20
938,GREATSAVINGS,2022-05-19T23:42:38Z,2022-11-27T05:35:52Z,6
939,BARGAINBUDDY,2022-10-24T02:53:26Z,2022-06-22T06:05:55Z,12
940,SPRINGDEAL,2022-09-05T03:42:11Z,2022-08-09T04:34:44Z,6
941,HAPPYSHOPPER,2023-04-10T02:08:46Z,2022-08-05T03:51:12Z,7
942,HAPPYSHOPPER,2022-07-08T07:14:02Z,2022-07-17T04:15:53Z,10
943,SAVEMORE,2022-09-19T04:40:51Z,2022-08-22T17:28:46Z,12
944,DISCOUNTTIME,2023-01-06T12:07:33Z,2022-08-08T08:39:03Z,11
945,LOVE2SAVE,2022-08-07T15:47:43Z,2023-02-23T15:40:00Z,7
946,GREATSAVINGS,2022-05-22T04:34:28Z,2022-07-15T19:14:50Z,12
947,SPRINGDEAL,2023-03-07T15:42:57Z,2023-01-09T02:03:21Z,12
948,SAVEMORE,2022-09-27T01:27:45Z,2022-07-19T04:05:06Z,5
949,GREATSAVINGS,2023-03-25T05:08:07Z,2022-08-26T04:49:29Z,7
950,GREATSAVINGS,2022-05-23T08:53:33Z,2022-08-07T05:05:14Z,6
951,DEALHUNTER,2023-01-03T06:09:02Z,2022-06-04T22:13:57Z,16
952,LOVE2SAVE,2023-01-21T05:17:54Z,2022-05-20T17:33:26Z,8
953,DEALHUNTER,2022-09-15T00:38:23Z,2023-04-08T15:35:51Z,20
954,SPRINGDEAL,2023-01-14T19:58:46Z,2023-02-28T23:03:17Z,8
955,SHOPSMART,2022-09-17T17:11:31Z,2022-10-11T09:11:59Z,5
956,DEALHUNTER,2022-09-19T00:05:51Z,2022-06-08T22:30:50Z,15
957,BARGAINBUDDY,2023-04-28T20:36:15Z,2023-04-24T14:08:04Z,16
958,SPRINGDEAL,2022-08-18T17:58:14Z,2022-08-23T16:07:49Z,9
959,HAPPYSHOPPER,2023-02-06T06:29:28Z,2022-12-27T05:01:46Z,12
960,DISCOUNTTIME,2022-09-11T01:42:14Z,2022-09-29T13:30:10Z,13
961,BARGAINBUDDY,2022-08-19T08:11:43Z,2022-12-25T03:35:52Z,10
962,BARGAINBUDDY,2023-04-13T09:25:40Z,2022-05-01T11:32:37Z,11
963,SUMMERSALE,2022-09-13T07:53:53Z,2023-04-01T22:02:03Z,17
964,SAVEMORE,2022-08-01T13:40:10Z,2023-04-01T12:24:10Z,18
965,BARGAINBUDDY,2023-02-06T17:37:02Z,2023-01-05T08:20:09Z,10
966,HAPPYSHOPPER,2022-05-03T21:32:57Z,2022-05-11T18:29:27Z,15
967,SHOPSMART,2022-09-18T09:42:54Z,2022-12-28T01:48:50Z,13
968,DISCOUNTTIME,2023-02-19T11:55:55Z,2022-08-15T00:20:34Z,8
969,DISCOUNTTIME,2023-03-15T08:13:52Z,2022-05-15T10:50:19Z,20
970,SHOPSMART,2022-12-26T22:46:02Z,2022-05-24T04:29:16Z,18
971,SUMMERSALE,2023-03-14T04:34:21Z,2022-08-21T06:56:28Z,11
972,CUTECOUPON,2023-01-28T16:43:22Z,2023-03-29T20:01:29Z,15
973,DEALHUNTER,2022-06-12T18:07:07Z,2022-12-04T16:59:12Z,11
974,SAVEMORE,2022-05-31T06:37:53Z,2023-03-20T10:01:34Z,19
975,SAVEMORE,2022-05-14T10:41:03Z,2022-11-27T14:55:52Z,11
976,DISCOUNTTIME,2023-02-03T09:14:55Z,2023-03-18T01:16:14Z,18
977,GREATSAVINGS,2023-02-07T07:36:28Z,2023-03-27T06:12:57Z,17
978,DISCOUNTTIME,2022-07-01T07:32:21Z,2022-05-23T21:23:45Z,18
979,GREATSAVINGS,2023-04-14T12:05:34Z,2023-01-25T19:30:31Z,20
980,DEALHUNTER,2023-01-05T03:02:19Z,2022-05-18T20:05:21Z,12
981,SUMMERSALE,2023-02-06T00:10:01Z,2022-10-25T21:15:24Z,19
982,SUMMERSALE,2023-03-18T22:38:09Z,2022-06-10T04:34:55Z,17
983,SUMMERSALE,2022-11-22T15:11:25Z,2022-09-23T07:18:01Z,6
984,DISCOUNTTIME,2022-05-22T15:16:12Z,2023-03-23T19:44:14Z,18
985,LOVE2SAVE,2022-06-22T04:15:44Z,2022-09-09T08:46:55Z,6
986,GREATSAVINGS,2022-07-26T07:19:58Z,2022-06-15T09:48:07Z,10
987,LOVE2SAVE,2023-02-12T00:42:49Z,2022-12-17T14:55:57Z,20
988,CUTECOUPON,2022-05-16T14:24:34Z,2022-05-13T22:23:13Z,19
989,BARGAINBUDDY,2023-04-28T09:04:29Z,2022-05-22T19:14:24Z,17
990,LOVE2SAVE,2022-11-20T00:54:43Z,2022-12-13T06:40:55Z,20
991,BARGAINBUDDY,2023-02-13T08:55:12Z,2022-09-17T20:49:46Z,9
992,DEALHUNTER,2023-01-18T08:33:59Z,2022-11-27T22:42:12Z,20
993,BARGAINBUDDY,2022-08-30T01:35:42Z,2022-10-28T13:06:39Z,5
994,DISCOUNTTIME,2023-04-02T20:13:24Z,2023-01-16T00:20:02Z,15
995,BARGAINBUDDY,2023-04-01T07:55:19Z,2022-06-08T18:04:29Z,19
996,GREATSAVINGS,2022-11-02T17:15:37Z,2022-05-11T22:54:42Z,5
997,CUTECOUPON,2022-12-28T02:06:26Z,2023-04-14T01:06:51Z,8
998,SPRINGDEAL,2022-11-27T03:21:37Z,2022-05-24T17:24:46Z,18
999,HAPPYSHOPPER,2022-05-07T07:58:51Z,2023-03-11T12:29:20Z,11
1000,GREATSAVINGS,2022-09-03T00:26:35Z,2023-04-20T12:13:28Z,5
